Uuid,Void/Retire,Name,Concept Drug,Concept Dosage Form,Strength,_version:1
77497f60-8ff1-4508-bf74-00944e5c030d,,Oxycodone/Acetaminophen 5mg+325mg,103281AAAAAAAAAAAAAAAAAAAAAAAAAAAAAA,1513AAAAAAAAAAAAAAAAAAAAAAAAAAAAAAAA,5mg+325mg,
e6b91fc3-8961-493e-9acb-5853162ffec7,,Famotidine,76178AAAAAAAAAAAAAAAAAAAAAAAAAAAAAAA,1513AAAAAAAAAAAAAAAAAAAAAAAAAAAAAAAA,,
dd87f758-a49b-44ac-841b-16b61c176244,,Azithromycin,71780AAAAAAAAAAAAAAAAAAAAAAAAAAAAAAA,1513AAAAAAAAAAAAAAAAAAAAAAAAAAAAAAAA,,
7a595a6a-8c0b-4725-addd-ad2d82100b98,,Ceftriaxone 1g,73041AAAAAAAAAAAAAAAAAAAAAAAAAAAAAAA,160242AAAAAAAAAAAAAAAAAAAAAAAAAAAAAA,1g,
9762b8c0-bdba-49ed-ae32-0290a04e8ab9,,Ondansetron,81073AAAAAAAAAAAAAAAAAAAAAAAAAAAAAAA,1513AAAAAAAAAAAAAAAAAAAAAAAAAAAAAAAA,,
5668deaf-9459-42df-bea8-db378f0d38f6,,Oxycodone,81332AAAAAAAAAAAAAAAAAAAAAAAAAAAAAAA,1513AAAAAAAAAAAAAAAAAAAAAAAAAAAAAAAA,,
988bf012-f48f-4ed2-a6f1-5488505584e6,,Acetaminophen,70116AAAAAAAAAAAAAAAAAAAAAAAAAAAAAAA,1513AAAAAAAAAAAAAAAAAAAAAAAAAAAAAAAA,,
dfd36a48-1946-454c-bc04-8dc7cada7120,,Acetaminophen 325 mg,70116AAAAAAAAAAAAAAAAAAAAAAAAAAAAAAA,1513AAAAAAAAAAAAAAAAAAAAAAAAAAAAAAAA,325mg,
85315e68-f8f1-43e6-b957-ae773bfaf9b7,,Lisinopril, 78945AAAAAAAAAAAAAAAAAAAAAAAAAAAAAAA,1513AAAAAAAAAAAAAAAAAAAAAAAAAAAAAAAA,,
c6f2234a-75ed-4530-bd60-1196fd84d0c6,,Lisinopril 2.5 mg,78945AAAAAAAAAAAAAAAAAAAAAAAAAAAAAAA,1513AAAAAAAAAAAAAAAAAAAAAAAAAAAAAAAA,2.5mg,
e5300d81-b7cd-4010-8a1c-269030d5bab4,,Lisinopril 5 mg,78945AAAAAAAAAAAAAAAAAAAAAAAAAAAAAAA,1513AAAAAAAAAAAAAAAAAAAAAAAAAAAAAAAA,5mg,
e6bd712f-5fb7-4704-8cc3-f26b7f710d20,,Lisinopril 10 mg,78945AAAAAAAAAAAAAAAAAAAAAAAAAAAAAAA,1513AAAAAAAAAAAAAAAAAAAAAAAAAAAAAAAA,10mg,
1e5421d1-abcd-4d88-8776-1a8057506aba,,Lisinopril 20 mg,78945AAAAAAAAAAAAAAAAAAAAAAAAAAAAAAA,1513AAAAAAAAAAAAAAAAAAAAAAAAAAAAAAAA,20mg,
f6ad6ed0-953c-4b45-ba41-2f302f3b8b09,,Lisinopril 30 mg,78945AAAAAAAAAAAAAAAAAAAAAAAAAAAAAAA,1513AAAAAAAAAAAAAAAAAAAAAAAAAAAAAAAA,30mg,
41323ed9-967b-4afa-bc9b-cda3ceb42050,,Lisinopril 40 mg,78945AAAAAAAAAAAAAAAAAAAAAAAAAAAAAAA,1513AAAAAAAAAAAAAAAAAAAAAAAAAAAAAAAA,40mg,
43615798-db46-4e2a-95a8-182ead4da45b,,Amlodipine,71137AAAAAAAAAAAAAAAAAAAAAAAAAAAAAAA,1513AAAAAAAAAAAAAAAAAAAAAAAAAAAAAAAA,,
00a789ff-da44-42b9-b929-3a069d98d3e1,,Amlodipine 5mg,71137AAAAAAAAAAAAAAAAAAAAAAAAAAAAAAA,1513AAAAAAAAAAAAAAAAAAAAAAAAAAAAAAAA,5mg,
762b4267-6ce6-4de7-8342-7d415fedda6b,,Levothyroxine sodium,78809AAAAAAAAAAAAAAAAAAAAAAAAAAAAAAA,1513AAAAAAAAAAAAAAAAAAAAAAAAAAAAAAAA,,
15c7d21f-cd1a-4eed-ab79-2fcfe0d99592,,Levothyroxine sodium 75 mcg,78809AAAAAAAAAAAAAAAAAAAAAAAAAAAAAAA,1513AAAAAAAAAAAAAAAAAAAAAAAAAAAAAAAA,75mcg,
a80acf74-a85c-4fef-8dc4-d763e364663f,,Metformin,79651AAAAAAAAAAAAAAAAAAAAAAAAAAAAAAA,1513AAAAAAAAAAAAAAAAAAAAAAAAAAAAAAAA,,
81dadd82-3ac8-4aab-9f61-848b89b3f053,,Metformin Co,79651AAAAAAAAAAAAAAAAAAAAAAAAAAAAAAA,1513AAAAAAAAAAAAAAAAAAAAAAAAAAAAAAAA,,
721497f0-dcf4-4f05-8fe7-e2e487b0d774,,Metformin Co 500mg,79651AAAAAAAAAAAAAAAAAAAAAAAAAAAAAAA,1513AAAAAAAAAAAAAAAAAAAAAAAAAAAAAAAA, 500mg,
d590f509-1e79-479c-bcdd-5f3812b16803,,Metformin Co 1000mg,79651AAAAAAAAAAAAAAAAAAAAAAAAAAAAAAA,1513AAAAAAAAAAAAAAAAAAAAAAAAAAAAAAAA, 1000mg,
405bf055-32ff-405c-b041-4e4543f66e99,,Metformin 1000mg,79651AAAAAAAAAAAAAAAAAAAAAAAAAAAAAAA,1513AAAAAAAAAAAAAAAAAAAAAAAAAAAAAAAA,1000mg,
095f2aaa-351b-4848-9039-87bf67e2e97b,,Metformin Co 500mg,79651AAAAAAAAAAAAAAAAAAAAAAAAAAAAAAA,1513AAAAAAAAAAAAAAAAAAAAAAAAAAAAAAAA,500mg,
3543c654-0834-4c90-982c-5e277005c15d,,Griséofulvine Co 500mg,c9c0c627-7ba6-4880-a702-cfc985a296fa,1513AAAAAAAAAAAAAAAAAAAAAAAAAAAAAAAA,500mg,
0bd1bf31-b974-421f-854d-b9d463630a2b,,Tylenol 325mg,70116AAAAAAAAAAAAAAAAAAAAAAAAAAAAAAA,1513AAAAAAAAAAAAAAAAAAAAAAAAAAAAAAAA,325mg,
3af6ca73-f2ee-43ff-8464-fa00bf525e9b,,Advil 200mg,ff5cdb18-0258-4467-bf1f-35c7b6339767,1513AAAAAAAAAAAAAAAAAAAAAAAAAAAAAAAA,200mg,
143c0048-33d5-46e6-b7b9-85b12769b629,,Multi-Vitamin Adult,e770a760-5e8b-42d8-939f-c7b12ea3754f,1513AAAAAAAAAAAAAAAAAAAAAAAAAAAAAAAA,,
9c257346-524c-4eef-bcf3-2cf4b472b2a8,,Multi-Vitamin Children,8a52cbaf-7303-44a8-ba47-976c4104f9d7,1513AAAAAAAAAAAAAAAAAAAAAAAAAAAAAAAA,,
fb601ad7-ffb6-4624-8f64-93522bb8d4ac,,Multi-Vitamin Prenatal,564a7a84-148f-4814-a520-d0351dbea6dc,1513AAAAAAAAAAAAAAAAAAAAAAAAAAAAAAAA,,
a8dd3068-cd3b-4af3-a33d-616279b29db5,,Norvasc 5mg,71137AAAAAAAAAAAAAAAAAAAAAAAAAAAAAAA,1513AAAAAAAAAAAAAAAAAAAAAAAAAAAAAAAA,5mg,
340c9cdf-97fe-497f-9d0d-d66b8552aa25,,Norvasc 10mg,71137AAAAAAAAAAAAAAAAAAAAAAAAAAAAAAA,1513AAAAAAAAAAAAAAAAAAAAAAAAAAAAAAAA,10mg,
124a4a8e-f920-4898-b3d0-6d463b1c3db2,,Atenolol 50mg,1e10d8c9-36f0-4d6b-8ff6-7a453876d512,1513AAAAAAAAAAAAAAAAAAAAAAAAAAAAAAAA,50mg,
3e4dbab0-674c-4660-999c-09a67520451a,,HCTZ 12.5mg,77696AAAAAAAAAAAAAAAAAAAAAAAAAAAAAAA,1513AAAAAAAAAAAAAAAAAAAAAAAAAAAAAAAA,12.5mg,
eca6b8c2-5b46-4a94-a7d9-24722be131b8,,HCTZ 25mg,77696AAAAAAAAAAAAAAAAAAAAAAAAAAAAAAA,1513AAAAAAAAAAAAAAAAAAAAAAAAAAAAAAAA,25mg,
d8fdc1b7-e393-45e8-8a64-dc95e57f89f4,,HCTZ 50mg,77696AAAAAAAAAAAAAAAAAAAAAAAAAAAAAAA,1513AAAAAAAAAAAAAAAAAAAAAAAAAAAAAAAA,50mg,
b0ce9018-f569-4380-a233-97efb9d2a168,,Hydrochlorothiazide 50mg,77696AAAAAAAAAAAAAAAAAAAAAAAAAAAAAAA,1513AAAAAAAAAAAAAAAAAAAAAAAAAAAAAAAA,50mg,
c3fccbc6-565e-4c2c-b1aa-bba217fd212e,,Zestril 20mg,78945AAAAAAAAAAAAAAAAAAAAAAAAAAAAAAA,1513AAAAAAAAAAAAAAAAAAAAAAAAAAAAAAAA,20mg,
6ca6fa54-5b32-4d64-a66c-542c0889f840,,Lasix 20mg,9f6c3927-2a31-485c-8735-f10b9951aef9,1513AAAAAAAAAAAAAAAAAAAAAAAAAAAAAAAA,20mg,
09e58895-e7f0-4649-b7c0-e665c5c08e93,,Aspirin 81mg,71617AAAAAAAAAAAAAAAAAAAAAAAAAAAAAAA,1513AAAAAAAAAAAAAAAAAAAAAAAAAAAAAAAA,81mg,
38087db3-7395-431f-88d5-bb25e06e33f1,,Aspirin 325mg,71617AAAAAAAAAAAAAAAAAAAAAAAAAAAAAAA,1513AAAAAAAAAAAAAAAAAAAAAAAAAAAAAAAA,325mg,
8d4d2102-52a5-445d-9e0f-462d8967336a,,Celebrex 200mg,72c81a79-f281-40ac-a54c-bed78c89e385,1513AAAAAAAAAAAAAAAAAAAAAAAAAAAAAAAA,200mg,
c0a931b7-c900-45fe-b672-b78a00f41ed2,,Neurontin 100mg,0c0563de-cd06-49de-8b31-af79d668b81b,1513AAAAAAAAAAAAAAAAAAAAAAAAAAAAAAAA,100mg,
12da54e5-294a-4be2-834c-4ffd996a5bf6,,Neurontin 800mg,0c0563de-cd06-49de-8b31-af79d668b81b,1513AAAAAAAAAAAAAAAAAAAAAAAAAAAAAAAA,800mg,
fc882328-40ef-4fa3-852f-81f69fcf954f,,Tums,f381801c-7c75-4ab9-bdfe-3caa07175dfc,1513AAAAAAAAAAAAAAAAAAAAAAAAAAAAAAAA,,
0adc85cf-de4e-4c4b-a483-d8586f19626b,,Prilosec 20mg,df3f7c1f-dac8-429b-ba38-90d770c1253c,1513AAAAAAAAAAAAAAAAAAAAAAAAAAAAAAAA,20mg,
d5d560bc-e481-4874-93d0-a1023d1ce766,,Zantac 150mg,4c187e9c-3623-4763-94b4-86426e6a447f,1513AAAAAAAAAAAAAAAAAAAAAAAAAAAAAAAA,150mg,
45395ed4-63b2-43d2-af2a-23f4dc8e1b9e,,Protonix 20mg,b3ed709f-f800-4ea9-bbba-f52c69ef0d86,1513AAAAAAAAAAAAAAAAAAAAAAAAAAAAAAAA,20mg,
a8e05fa5-d9be-49ae-b266-cf9a4e2f2d60,,Glucophage 500mg,79651AAAAAAAAAAAAAAAAAAAAAAAAAAAAAAA,1513AAAAAAAAAAAAAAAAAAAAAAAAAAAAAAAA,500mg,
d6a60960-b4df-4ab0-a231-1c3fcc8414e1,,Glucotrol 5mg,e6701098-9f0e-41f9-9c9d-fcdb57715bef,1513AAAAAAAAAAAAAAAAAAAAAAAAAAAAAAAA,5mg,
af4be8ee-45b3-47e3-a32e-1c3bfb2e6f61,,Glipizide Er 3mg,da550975-a6c3-47f2-b568-1e2e749644c7,1513AAAAAAAAAAAAAAAAAAAAAAAAAAAAAAAA,3mg,
912e4679-7758-403e-8441-5b528561f7bc,,Glipizide Er 6mg,da550975-a6c3-47f2-b568-1e2e749644c7,1513AAAAAAAAAAAAAAAAAAAAAAAAAAAAAAAA,6mg,
2949ec94-0e60-4a99-b699-e36daa665033,,Bacitracin,2dc41359-1deb-4a83-b5ae-82c7df066bb4,0689bb6e-9371-4a0f-ad1c-63c135b1714d,,
f691c1c4-1fe3-4fd5-afbf-2167ad241164,,Lotrimin 1%,895ae798-25af-4232-b4a1-942b11abd446,0689bb6e-9371-4a0f-ad1c-63c135b1714d,1%,
4125aa3e-4b43-41c2-99a3-00bb71978084,,Nystatin 100000U/g,984a9a0b-13f6-4bb4-b55d-c51d5ce225c9,0689bb6e-9371-4a0f-ad1c-63c135b1714d,100000U/g,
5363a53f-a3c2-4a29-b7f0-a4b075052e5e,,Levaquin 250mg,98dbb9b2-9859-4b68-b08a-78f88f629d40,1513AAAAAAAAAAAAAAAAAAAAAAAAAAAAAAAA,250mg,
5449d13a-591f-4840-9739-870966625f0f,,Valtrex 1g,0f5a1ae5-e52f-4252-96c4-895487daa4ff,1513AAAAAAAAAAAAAAAAAAAAAAAAAAAAAAAA,1g,
12dd160a-2ab4-4b95-900c-40ebf6ccc55f,,Doxycycline 100mg,b571adbe-388f-4219-be01-343738d3ed80,1513AAAAAAAAAAAAAAAAAAAAAAAAAAAAAAAA,100mg,
76a434fd-df90-4b19-ba47-26ddd7a00437,,Diflucan 200mg,32d6f1a8-7a0d-46f7-845a-84e3a27e686e,1513AAAAAAAAAAAAAAAAAAAAAAAAAAAAAAAA,200mg,
56034516-35a4-4bca-826e-df42008ebeed,,Albenza 400mg,8f668b49-584f-4cba-b0f2-817a8aaf50c4,1513AAAAAAAAAAAAAAAAAAAAAAAAAAAAAAAA,400mg,
396c0447-c8e2-4f2f-a9a1-b664efe352ea,,Lindane 1%,18e51e1e-544c-4716-a87b-79748cb46229,90a3f930-2eef-4a2e-8427-5359607c7b13,1%,
a8355c83-31db-4089-a962-512e35097ef0,,Amoxicillin 500mg,627a6041-ad81-4968-8adf-2f49aec4433b,1513AAAAAAAAAAAAAAAAAAAAAAAAAAAAAAAA,500mg,
8dd89c2e-b45b-4fea-98d5-f6b9f02247c1,,Ceftin 250mg/5ml,3c1e94bf-2892-461c-8d95-32bd533802a6,1513AAAAAAAAAAAAAAAAAAAAAAAAAAAAAAAA,250mg/5ml,
94c9f33b-ffe9-466b-8090-77cd3d5334f0,,Rocephin 1g,73041AAAAAAAAAAAAAAAAAAAAAAAAAAAAAAA,90a3f930-2eef-4a2e-8427-5359607c7b13,1g,
dfc7e569-4e44-4b11-bc7f-4d0d7b768fd4,,Spiriva,6ad5a53a-4d46-475e-9de9-d16a4ee9bbfe,658c1b9c-51c8-4734-8bf2-80e750c7889f,,
0ba092a4-3fc1-4d45-a2cb-c7eaf95d6ebd,,Pulmicort,7e31f224-d756-41e6-9fd0-eb5ce3985460,658c1b9c-51c8-4734-8bf2-80e750c7889f,,
83d3ac4b-1aa8-40bb-83dd-7381a2876dc1,,Proventil,445f380a-f693-4100-9c9a-e43b73635039,658c1b9c-51c8-4734-8bf2-80e750c7889f,,
8833d035-ac2d-4d23-b5cc-720ebfee1533,,Xopenex,55db5ea6-2a10-4782-acbf-6971017de4b6,658c1b9c-51c8-4734-8bf2-80e750c7889f,,
e8b79172-45cd-40ce-9ca8-0a6a652bb47e,,Cortef,a2956625-0a07-48b7-9344-3cb707dcd542,1513AAAAAAAAAAAAAAAAAAAAAAAAAAAAAAAA,,
1fc3e5e1-85dd-4a1e-88fa-5f57e07d727d,,Miralax 17g,5a26faba-ca4c-458c-9f41-2a75e242694e,dc6382df-6fc7-4700-bb93-b9b5dd5ee9c2,17g,
aae13cbd-1509-4e4d-9b5a-ce6139fb74c2,,Colace 100mg,1a88b47f-b42f-414c-a159-c0261634441d,1513AAAAAAAAAAAAAAAAAAAAAAAAAAAAAAAA,100mg,
311f1a89-0c75-4b34-bc88-00f2edee9400,,Senokot 17mg,e0e07cd2-9da6-492f-bbfa-8599e87ad9a4,1513AAAAAAAAAAAAAAAAAAAAAAAAAAAAAAAA,17mg,
8dd28534-a357-4617-8909-2160f7fd7e4c,,Claritin,2950f6c0-e75a-458e-9585-4096b9c759bf,1513AAAAAAAAAAAAAAAAAAAAAAAAAAAAAAAA,,
277024fa-a41d-4655-8485-a44ef683c41f,,Benadryl,1d4d3f02-ccf9-4c9e-b321-486b75c50924,1513AAAAAAAAAAAAAAAAAAAAAAAAAAAAAAAA,,
e3a59ed6-c9b9-4bb0-922d-25fc6aa74043,,Deltasone,8d27dba5-b2ee-4f02-acb7-49e63267cdfe,1513AAAAAAAAAAAAAAAAAAAAAAAAAAAAAAAA,,
52128175-f648-4a4b-bb2d-4d7a97ea4b6e,,Vitamin B12 1000mcg,836b7f4c-9e3c-4a53-bb08-ab8990b5b9d8,bd1b2599-84d2-4f33-ba25-4f6d42d147a5,1000mcg,
28dc1ebd-945e-4795-9060-5c60ffb5a577,,Ultram 50mg,34daf0c8-739f-4649-9d96-b45a32a233d6,1513AAAAAAAAAAAAAAAAAAAAAAAAAAAAAAAA,50mg,
b9f17974-47ba-430f-9a17-352f50241e90,,Flexeril 5mg,4d159957-5f5c-444c-9637-8ab41e564f1f,1513AAAAAAAAAAAAAAAAAAAAAAAAAAAAAAAA,5mg,
dec17cc7-f772-4814-ae9c-49007d644092,,Nexium 20mg,75875AAAAAAAAAAAAAAAAAAAAAAAAAAAAAAA,1513AAAAAAAAAAAAAAAAAAAAAAAAAAAAAAAA,20mg,
7104f6ed-8793-4b51-8425-5fcb9cf8a59e,,Bismuth subsalicylate 300mg,72241AAAAAAAAAAAAAAAAAAAAAAAAAAAAAAA,1513AAAAAAAAAAAAAAAAAAAAAAAAAAAAAAAA,300mg,
ce6b9fe4-6cbc-495e-8744-20a9cb48f1cf,,Esomeprazole 20mg,75875AAAAAAAAAAAAAAAAAAAAAAAAAAAAAAA,1513AAAAAAAAAAAAAAAAAAAAAAAAAAAAAAAA,20mg,
c695f96f-32dd-47fe-9877-059ee337bea0,,Pepcid,76178AAAAAAAAAAAAAAAAAAAAAAAAAAAAAAA,1513AAAAAAAAAAAAAAAAAAAAAAAAAAAAAAAA,,
637499ff-1c54-4722-ba57-3e41b3d22a49,,Permethrin,6315c226-01f6-4c59-9332-74f5347c3ef7,0689bb6e-9371-4a0f-ad1c-63c135b1714d,,
47453ba1-85f2-4c78-b1c7-8b3c79e40df2,,Zeasorb 2%,965b643b-c07e-4959-8476-172e4aa5c4f9,0689bb6e-9371-4a0f-ad1c-63c135b1714d,2%,
2f6bc24e-bd9e-4520-a6ba-f999ef7cbafd,,Tolnoftate 1%,af2ea7b7-e1f3-4e26-be0d-7d67242b8fd4,0689bb6e-9371-4a0f-ad1c-63c135b1714d,1%,
f321c087-0a5b-48c1-a605-3954e6159b86,,Xylocaine,4ceec0ac-5c27-4c46-bb21-73dde18d02bd,90a3f930-2eef-4a2e-8427-5359607c7b13,,
63e5f917-ce97-47c4-8423-126bd798636e,,Normal Saline 0.9%,cc4a27b0-78cb-4d3d-9c85-51f4a06d1f4a,90a3f930-2eef-4a2e-8427-5359607c7b13,0.90%,
856c6ba9-201e-4022-a4b4-6d8aafeff7fd,,Dermadex 10mg,1b296ced-55cc-48b7-96c3-9447267d1302,1513AAAAAAAAAAAAAAAAAAAAAAAAAAAAAAAA,10mg,
60508974-752a-4960-b0be-f0e6aa6da64b,,Inderal 80mg,062fc7f6-3d11-409a-96f7-a60cd8a71a36,1513AAAAAAAAAAAAAAAAAAAAAAAAAAAAAAAA,80mg,
4e920e87-ac86-42ec-ab72-7b55d51e1a29,,Zestril 40mg,78945AAAAAAAAAAAAAAAAAAAAAAAAAAAAAAA,1513AAAAAAAAAAAAAAAAAAAAAAAAAAAAAAAA,40mg,
b6a421fd-50f2-4ed7-b687-23d985e42a50,,Glucotrol 10mg,e6701098-9f0e-41f9-9c9d-fcdb57715bef,1513AAAAAAAAAAAAAAAAAAAAAAAAAAAAAAAA,10mg,
ab1a18bd-926d-48f3-8006-16314952698b,,Glyburide 5mg,37466129-caab-4a63-b050-95f6d7024ef6,1513AAAAAAAAAAAAAAAAAAAAAAAAAAAAAAAA,5mg,
54e1a064-172b-4d3c-ae8e-b78afb368c37,,Glyburide 3mg,37466129-caab-4a63-b050-95f6d7024ef6,1513AAAAAAAAAAAAAAAAAAAAAAAAAAAAAAAA,3mg,
e79df49a-71a6-4169-952c-0225048cb482,,Glyburide 6mg,37466129-caab-4a63-b050-95f6d7024ef6,1513AAAAAAAAAAAAAAAAAAAAAAAAAAAAAAAA,6mg,
8d883d65-9473-46ff-8b14-0ebe1f9a86da,,Ceclor 125mg/5ml,73e70d41-9b9c-467d-b7a8-8ca548d34031,94ecbbb3-71b7-407b-bac4-3279abbf1b69,125mg/5ml,
a20b435b-a8f8-4727-b2be-bcc5d2befd33,,Rocephin 500mg,73041AAAAAAAAAAAAAAAAAAAAAAAAAAAAAAA,90a3f930-2eef-4a2e-8427-5359607c7b13,500mg,
91450143-ca6e-46fe-9fff-274be47521db,,Famvir 250mg,fdb394d2-4ed8-4a8f-be4b-a37e3a783537,1513AAAAAAAAAAAAAAAAAAAAAAAAAAAAAAAA,250mg,
b9934447-70bb-4ef3-a65d-ff7cffe39025,,Levaquin 250mg,98dbb9b2-9859-4b68-b08a-78f88f629d40,1513AAAAAAAAAAAAAAAAAAAAAAAAAAAAAAAA,250mg,
b257beaf-a967-4822-8f78-9f87be045959,,Minocin 90mg,42bd60df-ddbb-402e-afb0-55479036d9c2,1513AAAAAAAAAAAAAAAAAAAAAAAAAAAAAAAA,90mg,
ca382f91-17b3-4b54-973e-8ccbdd89b8e1,,Cleocin 300mg,be063ef1-5a35-491c-b521-fd93bcad0117,1513AAAAAAAAAAAAAAAAAAAAAAAAAAAAAAAA,300mg,
9c38ea14-0972-46a9-9dac-76cafbb44971,,Cipro 250mg,a5a5aaf1-541e-4ca6-9753-bd4b0e479f81,1513AAAAAAAAAAAAAAAAAAAAAAAAAAAAAAAA,250mg,
03f18d86-ac0a-49a6-87bf-e022119301ad,,Cipro 500mg,a5a5aaf1-541e-4ca6-9753-bd4b0e479f81,1513AAAAAAAAAAAAAAAAAAAAAAAAAAAAAAAA,500mg,
83d98064-593f-4cf9-bec4-c427d4677f7d,,Biaxin 500mg,a4391c57-549b-4047-8971-c3fa72e140b5,1513AAAAAAAAAAAAAAAAAAAAAAAAAAAAAAAA,500mg,
45e91fa2-5458-4d2f-854b-11f08eb12801,,Solu-Medrol 125mg/5ml,fb23af41-6811-4e45-b0ee-dc1c0e2239cb,90a3f930-2eef-4a2e-8427-5359607c7b13,125mg/5ml,
827f6978-a666-4c58-8218-7388fdcc6fa3,,Visine 0.05%,17faad0f-246e-40fa-ba44-182e08ad51e5,90a3f930-2eef-4a2e-8427-5359607c7b13,0.05%,
247b17b0-8fe9-48de-a0f6-4b9a6f1caee8,,Allegra 60mg,8f446491-b746-43ae-bb22-1511aa0c5e29,1513AAAAAAAAAAAAAAAAAAAAAAAAAAAAAAAA,60mg,
14af1c0c-decd-41c0-ba07-95059f167ed2,,Allegra 180mg,8f446491-b746-43ae-bb22-1511aa0c5e29,1513AAAAAAAAAAAAAAAAAAAAAAAAAAAAAAAA,180mg,
3d215e2e-0560-4afc-9023-e1d1088bf484,,Robitussin Adult 200mg/5ml,0e35f48a-437d-4f32-8b83-bfb20c814457,94ecbbb3-71b7-407b-bac4-3279abbf1b69,200mg/5ml,
e42af6eb-e624-402e-bb26-ff2540a390d0,,Tudorza Pressair 400mcg,73e97253-5b15-4893-bd83-d4aca5f57eb7,658c1b9c-51c8-4734-8bf2-80e750c7889f,400mcg,
08128635-a443-42af-9b5d-32a2132cef06,,Pulmicort 90mcg,7e31f224-d756-41e6-9fd0-eb5ce3985460,658c1b9c-51c8-4734-8bf2-80e750c7889f,90mcg,
931d1308-a72f-4f3a-a627-63d8b3c8c25d,,Malarone,0fef4696-0ca0-4d5d-9fd2-69735171412f,1513AAAAAAAAAAAAAAAAAAAAAAAAAAAAAAAA,,
b0918013-25be-420f-b133-a76fbedb3406,,Symbicort 160mcg+4.5mcg,04cda318-f9d2-4c09-bf27-8597b9bbdc68,658c1b9c-51c8-4734-8bf2-80e750c7889f,160mcg+4.5mcg,
7c61da9b-9c70-484f-8da7-ca9a45aa56f9,,Ultracet 37.5mg+325mg,fefa8262-934f-49c5-827f-be9533a4cd94,1513AAAAAAAAAAAAAAAAAAAAAAAAAAAAAAAA,37.5mg+325mg,
ed9e55d8-eb78-4e2f-bc57-d5107ac1481c,,Amoxicillin 125mg/5ml,43338e03-ed88-43c9-af23-995d91b94c0d,94ecbbb3-71b7-407b-bac4-3279abbf1b69,125mg/5ml,
d3916ced-81fa-455f-bac7-f0afed65d9b1,,Tobradex 0.3%+0.1%,587a6e6e-3675-4c92-bac0-a5c99ce1425e,90a3f930-2eef-4a2e-8427-5359607c7b13,0.3%+0.1%,
4bc64ce7-18a8-460a-9314-0f89e4ca2d0b,,Bactrim 160mg+800mg,becdbefb-d88b-4a21-affa-46a2c5dbdbdb,1513AAAAAAAAAAAAAAAAAAAAAAAAAAAAAAAA,160mg+800mg,
8f04e3bf-60da-4e53-a577-f5fac65ec25e,,Augmentin 600mg+42.9mg/75ml,43338e03-ed88-43c9-af23-995d91b94c0d,94ecbbb3-71b7-407b-bac4-3279abbf1b69,600mg+42.9mg/75ml,
e6f2566d-610f-4d78-a3d5-e086d6742c51,,Advair 500mg+50mg,c5a918a7-e968-4836-b8c3-15f7e1b22373,658c1b9c-51c8-4734-8bf2-80e750c7889f,500mg+50mg,
1281857e-3426-4ca4-ae06-cd35cb4e0e01,,Breo 80mg+4.5mg,39aee96f-314c-4535-a249-171b4191b70f,658c1b9c-51c8-4734-8bf2-80e750c7889f,80mg+4.5mg,
51717134-b03a-4951-9e67-9fc56a920a24,,Hydrocortisone + Acetic Acid Otic,3332a02d-c154-45e8-ae0a-b9d36c899770,90a3f930-2eef-4a2e-8427-5359607c7b13,,
6a455315-51b3-41db-9e5d-ee03c2ad3cdb,,Augmentin 250mg+62.5mg/5ml,5af24242-1f58-40ef-a9a6-417cdf53c81c,94ecbbb3-71b7-407b-bac4-3279abbf1b69,250mg+62.5mg/5ml,
2ddaae26-c352-4245-a1d5-b8884068d17b,,Augmentin 600mg+42.9mg/125ml,5af24242-1f58-40ef-a9a6-417cdf53c81c,94ecbbb3-71b7-407b-bac4-3279abbf1b69,600mg+42.9mg/125ml,
f2736658-a69e-45e0-b289-e771ec86fc0c,,Advair 250mg+50mg,c5a918a7-e968-4836-b8c3-15f7e1b22373,658c1b9c-51c8-4734-8bf2-80e750c7889f,250mg+50mg,
a116c770-3d2e-4139-b670-45e021fede4e,,Advil 400mg,ff5cdb18-0258-4467-bf1f-35c7b6339767,1513AAAAAAAAAAAAAAAAAAAAAAAAAAAAAAAA,400mg,
3e804780-c538-4800-ab4d-da7f710dc4cd,,Advil 600mg,ff5cdb18-0258-4467-bf1f-35c7b6339767,1513AAAAAAAAAAAAAAAAAAAAAAAAAAAAAAAA,600mg,
62e89330-c656-44dc-bcf9-a7c90111e8c3,,Albenza 200mg,8f668b49-584f-4cba-b0f2-817a8aaf50c4,1513AAAAAAAAAAAAAAAAAAAAAAAAAAAAAAAA,200mg,
e2dc4a41-7f0b-44c7-ac3a-676939f176ef,,Alclometasone 0.05%,213140e7-8ea5-467e-8915-014de88149b2,0689bb6e-9371-4a0f-ad1c-63c135b1714d,0.05%,
a8b5bd1d-867a-4159-b585-13fe1bd59dce,,Amoxicillin 250mg,627a6041-ad81-4968-8adf-2f49aec4433b,1513AAAAAAAAAAAAAAAAAAAAAAAAAAAAAAAA,250mg,
0e99b832-3cad-4039-bfb5-0c2f55906f8a,,Amoxicillin 250mg/5ml,43338e03-ed88-43c9-af23-995d91b94c0d,94ecbbb3-71b7-407b-bac4-3279abbf1b69,250mg/5ml,
9e99eb20-5172-433a-ba7e-669b0f2af50b,,Amoxicillin 400mg/5ml,43338e03-ed88-43c9-af23-995d91b94c0d,94ecbbb3-71b7-407b-bac4-3279abbf1b69,400mg/5ml,
a722710f-403b-451f-804b-09f8624b0838,,Aspirin 162.5mg,71617AAAAAAAAAAAAAAAAAAAAAAAAAAAAAAA,1513AAAAAAAAAAAAAAAAAAAAAAAAAAAAAAAA,162.5mg,
20e0d495-b906-405e-9cc7-1a18e14a5612,,Atenolol 100mg,1e10d8c9-36f0-4d6b-8ff6-7a453876d512,1513AAAAAAAAAAAAAAAAAAAAAAAAAAAAAAAA,100mg,
8b8aceae-7a1e-49d1-823a-ae657ea4184f,,Atenolol 25mg,1e10d8c9-36f0-4d6b-8ff6-7a453876d512,1513AAAAAAAAAAAAAAAAAAAAAAAAAAAAAAAA,25mg,
41acb9e7-5737-41fb-8931-746355fc0beb,,Atenolol 75mg,1e10d8c9-36f0-4d6b-8ff6-7a453876d512,1513AAAAAAAAAAAAAAAAAAAAAAAAAAAAAAAA,75mg,
93ac42d5-b121-4e7c-9f80-37f50bcaff64,,Bacitracin 500U/g,2dc41359-1deb-4a83-b5ae-82c7df066bb4,0689bb6e-9371-4a0f-ad1c-63c135b1714d,500U/g,
1a9438b3-0cfb-4bef-b4fc-dc4324bb4134,,Benadryl 25mg,1d4d3f02-ccf9-4c9e-b321-486b75c50924,1513AAAAAAAAAAAAAAAAAAAAAAAAAAAAAAAA,25mg,
fcc75458-0d8e-4921-b6a8-baf5a7e26d8e,,Benadryl 50mg,1d4d3f02-ccf9-4c9e-b321-486b75c50924,1513AAAAAAAAAAAAAAAAAAAAAAAAAAAAAAAA,50mg,
02005fc7-625e-40de-bfbe-872f85b48e07,,Betamethasone 0.05%,213140e7-8ea5-467e-8915-014de88149b2,0689bb6e-9371-4a0f-ad1c-63c135b1714d,0.05%,
19bf89f5-6f1b-4b11-82b7-686d619f5667,,Biaxin 250mg,a4391c57-549b-4047-8971-c3fa72e140b5,1513AAAAAAAAAAAAAAAAAAAAAAAAAAAAAAAA,250mg,
8c855783-fc73-4b3a-a415-4ca6a2b9560e,,Captopril 12.5mg,f5e348b5-ecd5-47cf-9a37-78e7ef08978d,1513AAAAAAAAAAAAAAAAAAAAAAAAAAAAAAAA,12.5mg,
864df3a3-cbda-48d7-86fb-6059b6db713b,,Captopril 25mg,f5e348b5-ecd5-47cf-9a37-78e7ef08978d,1513AAAAAAAAAAAAAAAAAAAAAAAAAAAAAAAA,25mg,
d9d1d81a-ab7c-47f5-9dbc-f837b82b4a30,,Captopril 50mg,f5e348b5-ecd5-47cf-9a37-78e7ef08978d,1513AAAAAAAAAAAAAAAAAAAAAAAAAAAAAAAA,50mg,
bb8a1afa-9dbc-477d-93b3-411f03f742f7,,Ceclor 250mg/5ml,73e70d41-9b9c-467d-b7a8-8ca548d34031,94ecbbb3-71b7-407b-bac4-3279abbf1b69,250mg/5ml,
40c49aab-41f0-4782-a1c7-88d190e4ffae,,Ceftin 125mg/5ml,3c1e94bf-2892-461c-8d95-32bd533802a6,1513AAAAAAAAAAAAAAAAAAAAAAAAAAAAAAAA,125mg/5ml,
a6bb9b34-7417-4602-b2c4-62f8559c0ef9,,Chloroquine 250mg,7c929bab-b652-4ef1-b0de-6d98c6cee180,1513AAAAAAAAAAAAAAAAAAAAAAAAAAAAAAAA,250mg,
28137a3d-215c-4b8f-bda1-ee13e5bb4bd5,,Chloroquine 500mg,7c929bab-b652-4ef1-b0de-6d98c6cee180,1513AAAAAAAAAAAAAAAAAAAAAAAAAAAAAAAA,500mg,
372d5752-dc7b-487e-b450-e7cdabacef50,,Cipro 750mg,a5a5aaf1-541e-4ca6-9753-bd4b0e479f81,1513AAAAAAAAAAAAAAAAAAAAAAAAAAAAAAAA,750mg,
2976fb3e-a020-4a29-8424-878928607e01,,Claritin 10mg,2950f6c0-e75a-458e-9585-4096b9c759bf,1513AAAAAAAAAAAAAAAAAAAAAAAAAAAAAAAA,10mg,
3e14295d-63f7-4876-8767-cf93f9c6ca68,,Claritin 5mg/5ml,2950f6c0-e75a-458e-9585-4096b9c759bf,94ecbbb3-71b7-407b-bac4-3279abbf1b69,5mg/5ml,
b4abf73f-d647-49a7-9957-a16983d8b211,,Cleocin 150mg,be063ef1-5a35-491c-b521-fd93bcad0117,1513AAAAAAAAAAAAAAAAAAAAAAAAAAAAAAAA,150mg,
8035131f-4346-481b-b746-84837e900781,,Cleocin 450mg,be063ef1-5a35-491c-b521-fd93bcad0117,1513AAAAAAAAAAAAAAAAAAAAAAAAAAAAAAAA,450mg,
c76ca2a3-c70e-42cd-9618-500ebf3f2474,,Deltasone 10mg,8d27dba5-b2ee-4f02-acb7-49e63267cdfe,1513AAAAAAAAAAAAAAAAAAAAAAAAAAAAAAAA,10mg,
8a9fdf80-2caa-407d-96a7-a5701a140e6a,,Deltasone 20mg,8d27dba5-b2ee-4f02-acb7-49e63267cdfe,1513AAAAAAAAAAAAAAAAAAAAAAAAAAAAAAAA,20mg,
c259b78f-6dac-4749-a21f-935646bc3c0d,,Deltasone 40mg,8d27dba5-b2ee-4f02-acb7-49e63267cdfe,1513AAAAAAAAAAAAAAAAAAAAAAAAAAAAAAAA,40mg,
efb8b933-04cc-4f2f-8499-94a8b7b58027,,Deltasone 5mg,8d27dba5-b2ee-4f02-acb7-49e63267cdfe,1513AAAAAAAAAAAAAAAAAAAAAAAAAAAAAAAA,5mg,
22ce4524-954e-41c2-a995-91ef80cad806,,Diclofenac 50mg,391d02a4-2640-4d7b-900f-f74de8e1b6ed,1513AAAAAAAAAAAAAAAAAAAAAAAAAAAAAAAA,50mg,
fb1509f8-0287-4111-a58c-e4f48fa6575d,,Diflucan 100mg,32d6f1a8-7a0d-46f7-845a-84e3a27e686e,1513AAAAAAAAAAAAAAAAAAAAAAAAAAAAAAAA,100mg,
f32f7a3f-d27f-412d-a91c-d8d99fad464e,,Diflucan 150mg,32d6f1a8-7a0d-46f7-845a-84e3a27e686e,1513AAAAAAAAAAAAAAAAAAAAAAAAAAAAAAAA,150mg,
f944281f-8655-4897-9fdb-6cc038d094f9,,Erythromycin 125mg/5ml,bbd3baa3-64bc-443d-b794-d684b413d7dd,94ecbbb3-71b7-407b-bac4-3279abbf1b69,125mg/5ml,
7a6c2021-7be0-46eb-bc03-b88b6d2f5ba6,,Erythromycin 250mg/5ml,bbd3baa3-64bc-443d-b794-d684b413d7dd,94ecbbb3-71b7-407b-bac4-3279abbf1b69,250mg/5ml,
ef56eef4-8be8-4c7b-af5b-38577d7b0e96,,Eucerin,8d26417d-5d45-4ca8-9d91-c18ae5792c8b,32b26cbd-818c-453c-8649-1cdc62e50d41,,
89e1bd4d-2d1e-4c1b-92ca-1d997943020d,,Flagyl 500mg,f9608d19-a304-4508-9074-4858cd3ccbed,1513AAAAAAAAAAAAAAAAAAAAAAAAAAAAAAAA,500mg,
f6f88eca-f59c-4859-8a7a-d005a59691ce,,Flexeril 10mg,4d159957-5f5c-444c-9637-8ab41e564f1f,1513AAAAAAAAAAAAAAAAAAAAAAAAAAAAAAAA,10mg,
52b9f66b-cb47-487a-9452-00e036fe1dd8,,Flonase 50mcg,59c4799f-151b-4479-a9c8-a05a27893d29,162375AAAAAAAAAAAAAAAAAAAAAAAAAAAAAA,50mcg,
6b8a0e60-09ee-4d93-b46a-3ab8cab22b29,,Gatorade,28001e9e-9369-421a-8e01-f2d9d68f0784,90a3f930-2eef-4a2e-8427-5359607c7b13,,
1fb6be75-14f1-4171-af87-2a7fb223a806,,Gentamicin 0.3%,1b6b830c-068d-460d-8411-c42ffe7b0331,90a3f930-2eef-4a2e-8427-5359607c7b13,0.30%,
85dc7fa9-2cbb-42ca-a7a8-244465f4f737,,Gentian Violet 1%,c30f5267-e067-4e01-9b88-8f4ee5c7c069,90a3f930-2eef-4a2e-8427-5359607c7b13,1%,
9a0b84c9-6c80-4fc0-9764-43a870b2a432,,Hydrocortisone 1%,a2956625-0a07-48b7-9344-3cb707dcd542,0689bb6e-9371-4a0f-ad1c-63c135b1714d,1%,
f116a3d6-3019-4e7c-9a1f-42c681144a31,,Hydrocortisone 2.5%,a2956625-0a07-48b7-9344-3cb707dcd542,0689bb6e-9371-4a0f-ad1c-63c135b1714d,2.50%,
c15080cf-f142-46be-8dd3-7193958c4e93,,Inderal IR 10mg,8540ed16-f5ba-4abb-b707-6abd20032a84,1513AAAAAAAAAAAAAAAAAAAAAAAAAAAAAAAA,10mg,
22e9616c-b0c0-4d3e-95e9-173750386d61,,Inderal IR 20mg,8540ed16-f5ba-4abb-b707-6abd20032a84,1513AAAAAAAAAAAAAAAAAAAAAAAAAAAAAAAA,20mg,
23e8de30-5b3c-4371-a185-200556fa0951,,Inderal IR 40mg,8540ed16-f5ba-4abb-b707-6abd20032a84,1513AAAAAAAAAAAAAAAAAAAAAAAAAAAAAAAA,40mg,
997f4df8-0cdd-47bc-ba71-a01c6bcd3b89,,Inderal IR 60mg,8540ed16-f5ba-4abb-b707-6abd20032a84,1513AAAAAAAAAAAAAAAAAAAAAAAAAAAAAAAA,60mg,
ec734d5e-53c3-4d59-8c3a-3ce9c9360bc9,,Iron IR 325mg,d49e1658-7a16-41d2-8937-4c785a8f6d4b,1513AAAAAAAAAAAAAAAAAAAAAAAAAAAAAAAA,325mg,
9bab903e-6312-4c6a-95dc-149c86e752ad,,Lasix 10mg,9f6c3927-2a31-485c-8735-f10b9951aef9,1513AAAAAAAAAAAAAAAAAAAAAAAAAAAAAAAA,10mg,
db08ac66-5b79-4e29-a799-6c9b76d3c40b,,Lasix 40mg,9f6c3927-2a31-485c-8735-f10b9951aef9,1513AAAAAAAAAAAAAAAAAAAAAAAAAAAAAAAA,40mg,
7edcd7d4-ca9f-45f8-b591-bcf0985e7213,,Lasix 60mg,9f6c3927-2a31-485c-8735-f10b9951aef9,1513AAAAAAAAAAAAAAAAAAAAAAAAAAAAAAAA,60mg,
cf76df0e-4571-4f7a-9a66-cb7122134077,,Lasix 80mg,9f6c3927-2a31-485c-8735-f10b9951aef9,1513AAAAAAAAAAAAAAAAAAAAAAAAAAAAAAAA,80mg,
39c32716-b384-4dd8-84c7-324786e015b3,,Levaquin 500mg,98dbb9b2-9859-4b68-b08a-78f88f629d40,1513AAAAAAAAAAAAAAAAAAAAAAAAAAAAAAAA,500mg,
d88a415d-1532-4d6e-9b47-b0264aa84485,,Metro-gel 0.75%,f9608d19-a304-4508-9074-4858cd3ccbed,0689bb6e-9371-4a0f-ad1c-63c135b1714d,0.75%,
92e5fe31-7eb4-4bdc-a245-e359715eee0e,,Motrin Chilren's 100mg/5ml,ff5cdb18-0258-4467-bf1f-35c7b6339767,94ecbbb3-71b7-407b-bac4-3279abbf1b69,100mg/5ml,
5939e5cd-cc6e-470a-bd7d-d1353e9174be,,Motrin Infant's 50mg/1.25ml,ff5cdb18-0258-4467-bf1f-35c7b6339767,94ecbbb3-71b7-407b-bac4-3279abbf1b69,50mg/1.25ml,
9dcd95b2-afe2-4d51-8b88-17211966fd65,,Neosporin,e28a653a-d7fc-4158-989f-9515963ea3db,0689bb6e-9371-4a0f-ad1c-63c135b1714d,,
c6308b9c-00f1-476c-aa61-745bb26e0f71,,Neurontin 300mg,0c0563de-cd06-49de-8b31-af79d668b81b,1513AAAAAAAAAAAAAAAAAAAAAAAAAAAAAAAA,300mg,
294c26b6-a5c8-454e-b9b7-16d103584b3d,,Neurontin 600mg,0c0563de-cd06-49de-8b31-af79d668b81b,1513AAAAAAAAAAAAAAAAAAAAAAAAAAAAAAAA,600mg,
9a118208-e8a4-4af2-bb3a-f0bf02649e75,,Neurontin 900mg,0c0563de-cd06-49de-8b31-af79d668b81b,1513AAAAAAAAAAAAAAAAAAAAAAAAAAAAAAAA,900mg,
d63618a1-258b-40e2-b46a-50130d9a4573,,Norvasc 2.5mg,71137AAAAAAAAAAAAAAAAAAAAAAAAAAAAAAA,1513AAAAAAAAAAAAAAAAAAAAAAAAAAAAAAAA,2.5mg,
b3540868-910d-456c-8cba-459f4b5fe9ff,,Pepcid 20mg,76178AAAAAAAAAAAAAAAAAAAAAAAAAAAAAAA,1513AAAAAAAAAAAAAAAAAAAAAAAAAAAAAAAA,20mg,
c36a8c91-0c4d-4be3-950b-f5f07428a816,,Pepcid 40mg,76178AAAAAAAAAAAAAAAAAAAAAAAAAAAAAAA,1513AAAAAAAAAAAAAAAAAAAAAAAAAAAAAAAA,40mg,
84945f45-3a3c-4d57-bc34-b474cf7ad612,,Prevacid 15mg,6a5c3069-492d-4aa3-99a1-93497fb3d1c9,1513AAAAAAAAAAAAAAAAAAAAAAAAAAAAAAAA,15mg,
b73ac801-cf29-4e21-a2b2-a5288222d34c,,Prevacid 30mg,6a5c3069-492d-4aa3-99a1-93497fb3d1c9,1513AAAAAAAAAAAAAAAAAAAAAAAAAAAAAAAA,30mg,
5a244df6-7cee-44da-89b0-f9bf732ffbed,,Proscar 1mg,e2650794-cf62-4a1a-a678-0bcc3bf21323,1513AAAAAAAAAAAAAAAAAAAAAAAAAAAAAAAA,1mg,
1baa0c9d-5c1b-4673-bc8b-732c556c7c68,,Proscar 5mg,e2650794-cf62-4a1a-a678-0bcc3bf21323,1513AAAAAAAAAAAAAAAAAAAAAAAAAAAAAAAA,5mg,
7a4861ec-81ab-4989-95b6-df5a9bd16651,,Protonix 40mg,b3ed709f-f800-4ea9-bbba-f52c69ef0d86,1513AAAAAAAAAAAAAAAAAAAAAAAAAAAAAAAA,40mg,
e61b5364-5d97-40bd-9557-a555f232fc43,,Proventil 200mcg,445f380a-f693-4100-9c9a-e43b73635039,658c1b9c-51c8-4734-8bf2-80e750c7889f,200mcg,
b8655f3b-ec83-418a-b767-54c053fbd743,,Proventil 400mcg,445f380a-f693-4100-9c9a-e43b73635039,658c1b9c-51c8-4734-8bf2-80e750c7889f,400mcg,
c9544877-0a60-462f-9b7c-c8bb57380831,,Pulmicort Flexhaler 180mcg,7e31f224-d756-41e6-9fd0-eb5ce3985460,658c1b9c-51c8-4734-8bf2-80e750c7889f,180mcg,
70e97a3d-0084-400a-aace-50b50dc04ed4,,Pulmicort Flexhaler 360mcg,7e31f224-d756-41e6-9fd0-eb5ce3985460,658c1b9c-51c8-4734-8bf2-80e750c7889f,360mcg,
e1a092b6-10f6-438e-aa6d-2b0d1059403e,,Rocephin 2g,73041AAAAAAAAAAAAAAAAAAAAAAAAAAAAAAA,90a3f930-2eef-4a2e-8427-5359607c7b13,2g,
bc56515a-cfb0-4dcd-a6e6-351e3bf1154c,,Saline flush 0.9%,f7977809-0fbe-47a4-8905-e375bcb31f3f,90a3f930-2eef-4a2e-8427-5359607c7b13,0.90%,
cd228fc7-699d-4d47-a11f-9e72c8e940f1,,Spiriva HandiHaler 18mcg,33bf57ae-526a-469f-8e88-a2fd07bd9da9,658c1b9c-51c8-4734-8bf2-80e750c7889f,18mcg,
88b343c0-a9e9-4b45-b57e-cc7014ab7f34,,Sulfacetamide 0.1,516e7c1e-9019-4c19-a853-862e4a8fd8c1,90a3f930-2eef-4a2e-8427-5359607c7b13,10%,
29050ed9-d91e-4ced-8d18-8d37f5d55be2,,Tylenol 500mg,70116AAAAAAAAAAAAAAAAAAAAAAAAAAAAAAA,1513AAAAAAAAAAAAAAAAAAAAAAAAAAAAAAAA,500mg,
9d3011b1-5be6-47b0-825b-851ad385c6d9,,Tylenol Chilren's 160mg/5ml,70116AAAAAAAAAAAAAAAAAAAAAAAAAAAAAAA,94ecbbb3-71b7-407b-bac4-3279abbf1b69,160mg/5ml,
07a5d160-973c-422b-89db-9aeddd8d70a1,,Voltaren 1%,eac72f49-5761-42bd-94f5-d2ea19810bd1,0689bb6e-9371-4a0f-ad1c-63c135b1714d,1%,
b7c41b8b-aa72-4749-9649-2684488a9406,,Zestril 10mg,78945AAAAAAAAAAAAAAAAAAAAAAAAAAAAAAA,1513AAAAAAAAAAAAAAAAAAAAAAAAAAAAAAAA,10mg,
d6f041d9-cf9b-4208-87fa-355a4ef6fcaa,,Zofran 8mg,6ff87358-869f-4756-b74d-dda05de51848,1513AAAAAAAAAAAAAAAAAAAAAAAAAAAAAAAA,8mg,
3cff7277-8c40-40fe-bdee-79c04376447b,,Zyrtec 10mg,dfeb53e9-4253-42fc-8f6e-edc6213c9515,1513AAAAAAAAAAAAAAAAAAAAAAAAAAAAAAAA,10mg,
1f00446e-7247-4c01-88b3-8ca215e29e23,,Zyrtec 1mg/1ml,dfeb53e9-4253-42fc-8f6e-edc6213c9515,94ecbbb3-71b7-407b-bac4-3279abbf1b69,1mg/1ml,
2c9027fa-3723-491c-bbed-8989f0d4dabe,,Acetasol 1%+2%,3332a02d-c154-45e8-ae0a-b9d36c899770,90a3f930-2eef-4a2e-8427-5359607c7b13,1%+2%,
c6f97741-1f9c-4b25-8af1-dcf3fe720d7a,,Bactoclav 500mg+125mg,dbd7f53b-ea41-4cdd-bfe1-32d47536b469,1513AAAAAAAAAAAAAAAAAAAAAAAAAAAAAAAA,500mg+125mg,
cd280c73-ebfd-4213-8706-3ebce0019156,,Breo 100mcg+25mcg,39aee96f-314c-4535-a249-171b4191b70f,658c1b9c-51c8-4734-8bf2-80e750c7889f,100mcg+25mcg,
e153441b-af4a-4fcf-aa7f-3bc2419520fa,,Breo 200mcg+25mcg,39aee96f-314c-4535-a249-171b4191b70f,658c1b9c-51c8-4734-8bf2-80e750c7889f,200mcg+25mcg,
3ac7c011-1168-4eb6-b071-6ee11d1e2b24,,Combivent 18mcg+103mcg,36b65481-8912-496e-b26a-10da10cd1d4e,658c1b9c-51c8-4734-8bf2-80e750c7889f,18mcg+103mcg,
c5551705-ce62-4054-97e1-7eba697c0b77,,Malarone 1g+400mg,5a2b62f9-6254-4ef1-925b-0224f8dfefb1,1513AAAAAAAAAAAAAAAAAAAAAAAAAAAAAAAA,1g+400mg,
6bea54c9-97d5-4a9b-90fe-ee5ac2a9dd1c,,Malarone 250mg+100mg,5a2b62f9-6254-4ef1-925b-0224f8dfefb1,1513AAAAAAAAAAAAAAAAAAAAAAAAAAAAAAAA,250mg+100mg,
0ade342f-abe3-4195-bcf4-16e2b502da26,,Proventil 2.5mg,445f380a-f693-4100-9c9a-e43b73635039,658c1b9c-51c8-4734-8bf2-80e750c7889f,2.5mg,
9bb16770-8205-4360-b7e3-86d2d4cf08fb,,Rocephin 250mg,73041AAAAAAAAAAAAAAAAAAAAAAAAAAAAAAA,90a3f930-2eef-4a2e-8427-5359607c7b13,250mg,
2819e041-6657-4a27-8472-07563eb6038f,,Acétaminophene Sirop 120mg/5ml,70116AAAAAAAAAAAAAAAAAAAAAAAAAAAAAAA,94ecbbb3-71b7-407b-bac4-3279abbf1b69,120mg/5ml,
b89f03d9-a61b-4d4e-9636-5b28fdef4525,,Acétaminophene Co 500mg,70116AAAAAAAAAAAAAAAAAAAAAAAAAAAAAAA,1513AAAAAAAAAAAAAAAAAAAAAAAAAAAAAAAA,500mg,
b61b29d2-41ee-4079-8fbb-a054596b7ae1,,Acétaminophene Gtts 60mg/ml,70116AAAAAAAAAAAAAAAAAAAAAAAAAAAAAAA,94ecbbb3-71b7-407b-bac4-3279abbf1b69,60mg/ml,
b5b194a3-efc9-47b0-8406-db87092c23e2,,Rapidal Plus 162.5mg+100mg,46a9fa37-d6f2-4f72-8a16-c1a76008f508,94ecbbb3-71b7-407b-bac4-3279abbf1b69,162.5mg+100mg,
4eb11496-3275-4087-ab5c-b1e4ea885e99,,Acide Folique Co 5mg,9486be67-f05f-44a3-8962-0746f0904f1b,1513AAAAAAAAAAAAAAAAAAAAAAAAAAAAAAAA,5mg,
123c4342-552a-4db9-bb0b-a7d0bd2e5849,,Acyclovir Co 400mg,783aff6f-c427-4511-8df4-872b87fad050,1513AAAAAAAAAAAAAAAAAAAAAAAAAAAAAAAA,400mg,
45aaf344-e567-4716-be52-4a7a642305c1,,Acyclovir Sirop 200mg,783aff6f-c427-4511-8df4-872b87fad050,94ecbbb3-71b7-407b-bac4-3279abbf1b69,200mg,
a74fe93c-b023-4159-8bd6-5d40a0909636,,Acyclovir creme 3%,783aff6f-c427-4511-8df4-872b87fad050,0689bb6e-9371-4a0f-ad1c-63c135b1714d,3%,
22269776-0866-4d7f-b4f6-901d31531f83,,Acyclovir ophtalmique 5%,783aff6f-c427-4511-8df4-872b87fad050,0689bb6e-9371-4a0f-ad1c-63c135b1714d,5%,
77addc86-5036-4a82-b722-826635e1ce0b,,Adrenaline Injection 1mg,d770fc0a-1482-4078-b0cd-9a91d9afe0e5,bd1b2599-84d2-4f33-ba25-4f6d42d147a5,1mg,
37302e59-9824-4ec3-a8f7-6b491a5ee183,,Albendazole Co 400mg,8f668b49-584f-4cba-b0f2-817a8aaf50c4,1513AAAAAAAAAAAAAAAAAAAAAAAAAAAAAAAA,400mg,
7bf6328a-4194-484e-846f-a98bd41634e8,,Albendazole Sirop 400mg/10ml,8f668b49-584f-4cba-b0f2-817a8aaf50c4,94ecbbb3-71b7-407b-bac4-3279abbf1b69,400mg/10ml,
39a96958-781f-4d84-a9e8-56f6dfbf9061,,Albuterol Inhalation 2.5mg/3ml,445f380a-f693-4100-9c9a-e43b73635039,658c1b9c-51c8-4734-8bf2-80e750c7889f,2.5mg/3ml,
c3fb68d0-ba3d-4b94-bcb8-b2286d9b0358,,Alpha Métyl Dopa Co 250mg,84bb5c70-878b-45c3-96e7-3282e4121e02,1513AAAAAAAAAAAAAAAAAAAAAAAAAAAAAAAA,250mg,
58a9f6d0-1092-4c9c-b195-fbd7e43b39dd,,Aminovit Gtts,e0cf9a43-ec8a-4b41-a856-688983c1a974,94ecbbb3-71b7-407b-bac4-3279abbf1b69,N/A,
c91f7481-cb7b-40ad-92cc-e8f54534de29,,Amlodipine Co 10mg,71137AAAAAAAAAAAAAAAAAAAAAAAAAAAAAAA,1513AAAAAAAAAAAAAAAAAAAAAAAAAAAAAAAA,10mg,
1eebc619-5593-44be-9057-041df86b06ae,,Amoxycilline Sirop 125mg,627a6041-ad81-4968-8adf-2f49aec4433b,94ecbbb3-71b7-407b-bac4-3279abbf1b69,125mg,
d879219a-a74d-4a4a-a893-ebeb5594c629,,Amoxycilline Co 500mg,627a6041-ad81-4968-8adf-2f49aec4433b,1513AAAAAAAAAAAAAAAAAAAAAAAAAAAAAAAA,500mg,
a0f54b5b-0eda-49aa-82be-3634df0de78f,,Ampiciline Injection vial 1g,f9f69437-669d-4a3e-930b-b36994a2f9d4,bd1b2599-84d2-4f33-ba25-4f6d42d147a5,vial 1g,
c3e48c79-8b02-4442-9480-8f656a353b89,,Othorinol Gouttes 30mg,07470e7f-f959-4344-89f6-8e6a0f442bef,90a3f930-2eef-4a2e-8427-5359607c7b13,30mg,
8e89914e-560b-4ac1-851c-ffeb54cb677f,,Apetamine Sirop,66de98f3-03e1-4733-9534-1f59dee19429,94ecbbb3-71b7-407b-bac4-3279abbf1b69,N/A,
a42089dd-e91e-49a3-8c17-8571f2e5a404,,Apressoline Injection vial 20mg,a6ba4400-1db2-4d47-854f-3342204995ba,bd1b2599-84d2-4f33-ba25-4f6d42d147a5,vial 20mg,
02dd2a8e-1a8f-49cb-bc06-daf9e1af16ba,,Aspirine Co 81mg,71617AAAAAAAAAAAAAAAAAAAAAAAAAAAAAAA,1513AAAAAAAAAAAAAAAAAAAAAAAAAAAAAAAA,81mg,
dae4050d-c309-4a20-a62e-e84d192e1e87,,Atenolol Co 50mg,316441ec-c0fd-44bc-a040-c68f4da8d228,1513AAAAAAAAAAAAAAAAAAAAAAAAAAAAAAAA,50mg,
2e2bf852-a920-41cd-bc27-65f1da248045,,Azythromycine Co 500mg,71780AAAAAAAAAAAAAAAAAAAAAAAAAAAAAAA,1513AAAAAAAAAAAAAAAAAAAAAAAAAAAAAAAA,500mg,
4f93c00b-cf6e-48a1-b1da-ab3551915e25,,Bebe Sirop,ca2598c9-64d9-475a-b506-b6cc81741a61,94ecbbb3-71b7-407b-bac4-3279abbf1b69,N/A,
c872abc2-47ed-4eb2-bd6e-b6dbf6d6a95f,,Benzyl Benzoate Lotion 25%,1b296ced-55cc-48b7-96c3-9447267d1302,32b26cbd-818c-453c-8649-1cdc62e50d41,25%,
3f9e7636-7443-45bf-a3fb-fd0530d3d43a,,Bromexhine Sirop 4mg/5ml,7736310e-38d7-4a06-804b-086874b76876,94ecbbb3-71b7-407b-bac4-3279abbf1b69,4mg/5ml,
1d153d70-219e-4683-96c2-c1337a2eea85,,Calamine lotion,d08ec8fe-2d91-489f-a416-16af0a043b0b,32b26cbd-818c-453c-8649-1cdc62e50d41,N/A,
1483054c-f2e7-499c-adf2-7c9a51ccc055,,Captopril Co 25mg,f5e348b5-ecd5-47cf-9a37-78e7ef08978d,1513AAAAAAAAAAAAAAAAAAAAAAAAAAAAAAAA,25mg,
368866e6-0b82-4049-8f10-9fc2bbf43066,,Ceftriaxone Injection vial 1g,73041AAAAAAAAAAAAAAAAAAAAAAAAAAAAAAA,bd1b2599-84d2-4f33-ba25-4f6d42d147a5,vial 1g,
da1aafd5-78a3-4848-8057-63a424b0aead,,Chloroquine Sirop 25mg/5ml,b48e38a8-b121-4cdf-91b9-469acd99273b,94ecbbb3-71b7-407b-bac4-3279abbf1b69,25mg/5ml,
588c4abc-3b4b-43c8-a55f-5e80b2c90f1e,,Chloroquine Co 250mg,b48e38a8-b121-4cdf-91b9-469acd99273b,1513AAAAAAAAAAAAAAAAAAAAAAAAAAAAAAAA,250mg,
9b305550-beb8-4c7b-a800-caab72438430,,Ciprofloxacin Co 500mg,a5a5aaf1-541e-4ca6-9753-bd4b0e479f81,1513AAAAAAAAAAAAAAAAAAAAAAAAAAAAAAAA,500mg,
ee3e761a-3d43-4c51-98a3-cc2bd94946b6,,Clarithromycine Co 500mg,a4391c57-549b-4047-8971-c3fa72e140b5,1513AAAAAAAAAAAAAAAAAAAAAAAAAAAAAAAA,500mg,
1a2354cb-3a85-4af9-8f36-d5146bda46a1,,Cloxacilline Co 500mg,1b535529-68fb-4bb5-bb5a-202ec74efb1d,1513AAAAAAAAAAAAAAAAAAAAAAAAAAAAAAAA,500mg,
ea44b958-6805-40ad-a6e3-7b67aa2fe0d1,,Cloxacilline Sirop 250mg/5ml,1b535529-68fb-4bb5-bb5a-202ec74efb1d,94ecbbb3-71b7-407b-bac4-3279abbf1b69,250mg/5ml,
1cd391d8-ed72-4c61-a203-faf40bee6921,,Augmentin Co 625mg,a4615855-e041-4352-baae-339940d274f7,1513AAAAAAAAAAAAAAAAAAAAAAAAAAAAAAAA,625mg,
f0ab1781-bf08-4c5e-9b32-2d51e1d5a38c,,Bactoclav Sirop 312.5mg,a4615855-e041-4352-baae-339940d274f7,94ecbbb3-71b7-407b-bac4-3279abbf1b69,312.5mg,
eb4fedd3-154d-43f8-ad6c-d89930b1e175,,Dexamethasone Injection vial 8mg,e4a0426a-4235-416d-8089-84ae113808d6,bd1b2599-84d2-4f33-ba25-4f6d42d147a5,vial 8mg,
ec535874-98d9-463c-a12a-42fa070c2f22,,Dextrose Normal Saline 0.9%,8f29cfad-b34f-463b-b4f8-9ea56e4ea9d3,90a3f930-2eef-4a2e-8427-5359607c7b13,0.90%,
3bc9e3a2-c85a-488b-b9a7-8e5fcafe2f81,,Dextrose Normal Saline 0.45%,8f29cfad-b34f-463b-b4f8-9ea56e4ea9d3,90a3f930-2eef-4a2e-8427-5359607c7b13,0.45%,
f6438215-66a1-4e8f-a57a-b747981fd8f6,,Dextrose Water 5%,49be9771-c89d-4b0d-a03c-ecd6283f0caa,90a3f930-2eef-4a2e-8427-5359607c7b13,5%,
f8e266ec-24c9-4f64-89b0-33f1a052bd57,,Dextrose Water 10%,49be9771-c89d-4b0d-a03c-ecd6283f0caa,90a3f930-2eef-4a2e-8427-5359607c7b13,10%,
0e8496ea-c8f7-4f08-abef-994e3c3243a2,,Diazepam Co 5mg,eab2bb93-b2d1-42ef-817e-1b47d79d76db,1513AAAAAAAAAAAAAAAAAAAAAAAAAAAAAAAA,5mg,
2dca268b-fdb8-42f2-85eb-73a884c020ce,,Diazepam Injection vial 5mg,eab2bb93-b2d1-42ef-817e-1b47d79d76db,bd1b2599-84d2-4f33-ba25-4f6d42d147a5,vial 5mg,
7bedc809-05bd-4baf-bd4b-5a21d9e48a01,,Diclofenac Co 50mg,391d02a4-2640-4d7b-900f-f74de8e1b6ed,1513AAAAAAAAAAAAAAAAAAAAAAAAAAAAAAAA,50mg,
2832337e-3ef1-47fa-8a46-2bc6e9910353,,Diclofenac Injection vial 75mg,391d02a4-2640-4d7b-900f-f74de8e1b6ed,bd1b2599-84d2-4f33-ba25-4f6d42d147a5,vial 75mg,
62ee5947-bf62-4a42-8c07-0f939f766afe,,Dolex Pommade,b50b13e1-4188-447d-8fbc-bd29fb91daa3,44fc6700-a545-419e-a6b3-b882b6fc455c,N/A,
c6f2a3cb-b57f-4537-a179-ea0764d38690,,Doxicycline Co 100mg,b571adbe-388f-4219-be01-343738d3ed80,1513AAAAAAAAAAAAAAAAAAAAAAAAAAAAAAAA,100mg,
33558e37-627d-475f-b18f-5e5baf0ac0a6,,Dyphenhydramine Co 25mg,1d4d3f02-ccf9-4c9e-b321-486b75c50924,1513AAAAAAAAAAAAAAAAAAAAAAAAAAAAAAAA,25mg,
a377a5e6-0992-46c5-b5b0-5e3aafa27e16,,Dyphenhydramine Sirop 12.5mg/5ml,1d4d3f02-ccf9-4c9e-b321-486b75c50924,94ecbbb3-71b7-407b-bac4-3279abbf1b69,12.5mg/5ml,
3e3c72db-491c-4690-be8b-1f2528fa3266,,Dyphenhydramine Injection vial 20mg,1d4d3f02-ccf9-4c9e-b321-486b75c50924,bd1b2599-84d2-4f33-ba25-4f6d42d147a5,vial 20mg,
f3a1a212-12bc-43bd-b03f-73aeaac1379e,,Dypirone Inj vial 1g,ec4cfcae-c438-48fb-b2e5-e696d7172270,bd1b2599-84d2-4f33-ba25-4f6d42d147a5,vial 1g,
38978734-0960-4c7d-bb1e-725532bc4c6a,,Enalapril Co 10mg,d612ddcc-9d3b-4489-97e1-22893c9735df,1513AAAAAAAAAAAAAAAAAAAAAAAAAAAAAAAA,10mg,
872c01c8-e9c9-478f-b2f6-87acf661ab6c,,Ergotamine Injection 2mg,5f9d24b2-ac16-40eb-be4c-ab16af8f8faa,bd1b2599-84d2-4f33-ba25-4f6d42d147a5,2mg,
cbbc7d55-db59-4ea3-9f3b-d3709b1bb82d,,Erythromicine Co 500mg,bbd3baa3-64bc-443d-b794-d684b413d7dd,1513AAAAAAAAAAAAAAAAAAAAAAAAAAAAAAAA,500mg,
74c26d25-3b98-4bf7-b962-3de028b352a7,,Erythromicine Sirop 125mg,bbd3baa3-64bc-443d-b794-d684b413d7dd,94ecbbb3-71b7-407b-bac4-3279abbf1b69,125mg,
2b05efc6-833d-4718-9e39-6aab785cbfce,,Fer Up Sirop,d49e1658-7a16-41d2-8937-4c785a8f6d4b,94ecbbb3-71b7-407b-bac4-3279abbf1b69,N/A,
114d5a9f-f369-4976-9eb7-1f78050c6a9b,,Fer Folate Co,d1274833-6c0e-480c-9c0a-b656156e6e7f,1513AAAAAAAAAAAAAAAAAAAAAAAAAAAAAAAA,N/A,
a67aaa3a-0e89-4bb7-abf0-54eb6edbecad,,Globugen Sirop,d1274833-6c0e-480c-9c0a-b656156e6e7f,94ecbbb3-71b7-407b-bac4-3279abbf1b69,N/A,
2f76266a-a841-4147-9401-c6b8409b8ccc,,Fluconazole Co 150mg,32d6f1a8-7a0d-46f7-845a-84e3a27e686e,1513AAAAAAAAAAAAAAAAAAAAAAAAAAAAAAAA,150mg,
824dcc1b-27b7-459c-8f41-026b3af8dbe4,,Fongobacter Rince Bouche,f83db0a5-cf84-4d4e-a3bc-32eff500c578,90a3f930-2eef-4a2e-8427-5359607c7b13,N/A,
109ca9ff-5a43-42bd-b039-ba08c683ebb5,,Furosemide Injection vial 20mg,9f6c3927-2a31-485c-8735-f10b9951aef9,bd1b2599-84d2-4f33-ba25-4f6d42d147a5,vial 20mg,
eff805bf-db0e-4adf-9a3d-9a5039083016,,Furosemide Co 40mg,9f6c3927-2a31-485c-8735-f10b9951aef9,1513AAAAAAAAAAAAAAAAAAAAAAAAAAAAAAAA,40mg,
f8b1ef4c-66b6-4520-addc-ee58dd011c65,,Gastrogel Sirop,d00fa604-4fe6-445d-81e9-7ae4aff8341f,94ecbbb3-71b7-407b-bac4-3279abbf1b69,N/A,
0113c442-4959-430d-a389-8cbafa2b8733,,Dextrose D50,49be9771-c89d-4b0d-a03c-ecd6283f0caa,90a3f930-2eef-4a2e-8427-5359607c7b13,D50,
80143eee-aad0-42bc-885c-7b84fa9d9f44,,Glybenclamide Co 5mg,c1131909-2911-4aa2-8b6c-ae7927f0ee90,1513AAAAAAAAAAAAAAAAAAAAAAAAAAAAAAAA,5mg,
a491df48-4a2f-4f4a-a1b0-8bde19af5fb3,,Griséofulvine Sirop 125mg,c9c0c627-7ba6-4880-a702-cfc985a296fa,94ecbbb3-71b7-407b-bac4-3279abbf1b69,125mg,
74ae589d-140f-4b2e-a040-d3ad09148f3f,,Hydrochlorothiazide Co 50mg,77696AAAAAAAAAAAAAAAAAAAAAAAAAAAAAAA,1513AAAAAAAAAAAAAAAAAAAAAAAAAAAAAAAA,50mg,
d07d5371-355c-4c61-9469-3f354f7edd5e,,Hydrocortisone creme 1%,a2956625-0a07-48b7-9344-3cb707dcd542,0689bb6e-9371-4a0f-ad1c-63c135b1714d,1%,
baa212eb-23a2-43c4-b2ac-badf95eac406,,Hydrocortisone Injection vial 100mg,a2956625-0a07-48b7-9344-3cb707dcd542,bd1b2599-84d2-4f33-ba25-4f6d42d147a5,vial 100mg,
daf6e832-5615-44ce-a512-6f1c239245d9,,Hyoscine Butylbromide Injection vial 20mg,44dbd31a-7c2d-422d-b584-004532e4aaff,bd1b2599-84d2-4f33-ba25-4f6d42d147a5,vial 20mg,
f05dd6ca-43d0-45ea-93ef-8d82483bbdc9,,Ibuprofene Co 400mg,ff5cdb18-0258-4467-bf1f-35c7b6339767,1513AAAAAAAAAAAAAAAAAAAAAAAAAAAAAAAA,400mg,
3b3e2029-84c4-4472-85b4-a1f1af0885b6,,Insuline R 100UI/1ml,aee5f376-e00c-46f3-83ef-3759e54f85a1,bd1b2599-84d2-4f33-ba25-4f6d42d147a5,100UI/1ml,
5b420f3b-7584-4934-b457-91d6f94ff6b7,,Ketoconazole Co 200mg,73e9e187-7164-4e0a-bb36-0a7178406288,1513AAAAAAAAAAAAAAAAAAAAAAAAAAAAAAAA,200mg,
aa42752c-af45-449c-ae9f-30c6e272cee4,,Ketoconazole Shampooing 2%,73e9e187-7164-4e0a-bb36-0a7178406288,90a3f930-2eef-4a2e-8427-5359607c7b13,2%,
92247357-ccd3-4f83-9362-f40a103f4cd4,,Ketoconazole creme 2%,73e9e187-7164-4e0a-bb36-0a7178406288,0689bb6e-9371-4a0f-ad1c-63c135b1714d,2%,
c00019ed-8b20-4445-891e-6de8fd9e6d33,,Ketoconazole Savon 2%,73e9e187-7164-4e0a-bb36-0a7178406288,90a3f930-2eef-4a2e-8427-5359607c7b13,2%,
5360f695-a3e2-4593-9426-69ef43781877,,Losartan Co 5mg,502a66e9-2eb3-4e13-926f-57fe9d393a94,1513AAAAAAAAAAAAAAAAAAAAAAAAAAAAAAAA,5mg,
b35c87c8-fb39-4ca4-aae9-0986349c5eaf,,MGSO4 25%,0bdba7cc-fcd1-41e1-8f79-6407d2835a78,bd1b2599-84d2-4f33-ba25-4f6d42d147a5,25%,
7a563628-d9c4-4a25-8193-207199051785,,Metoclopramide Co 10mg,fa2a3b41-e500-45cd-8f93-e7d77d5db398,1513AAAAAAAAAAAAAAAAAAAAAAAAAAAAAAAA,10mg,
66319a6e-d296-4929-b7ed-b2ff8e108bc9,,Metoclopramide Injection vial 10mg,fa2a3b41-e500-45cd-8f93-e7d77d5db398,bd1b2599-84d2-4f33-ba25-4f6d42d147a5,vial 10mg,
2421535d-e55e-4fa0-9dd5-039d8a63ed6a,,Metoclopramide Sirop 5mg/5ml,fa2a3b41-e500-45cd-8f93-e7d77d5db398,94ecbbb3-71b7-407b-bac4-3279abbf1b69,5mg/5ml,
1ea6b0b2-25d7-4279-b4ee-ccbacd60d17a,,Metoprolol Co 50mg,7dc18dde-ad3f-405a-be1e-8fc15a01cd91,1513AAAAAAAAAAAAAAAAAAAAAAAAAAAAAAAA,50mg,
c554ffb2-5706-4623-a89a-008366cd564c,,Flagyl 250mg,f9608d19-a304-4508-9074-4858cd3ccbed,1513AAAAAAAAAAAAAAAAAAAAAAAAAAAAAAAA,250mg,
edc8ef37-594e-48e9-83e9-7b7c5e6fc3be,,Metronidazole,79782AAAAAAAAAAAAAAAAAAAAAAAAAAAAAAA,1513AAAAAAAAAAAAAAAAAAAAAAAAAAAAAAAA,,
24de32d2-6d1f-4e53-b047-93e6729228c4,,Metronidazole 250mg,79782AAAAAAAAAAAAAAAAAAAAAAAAAAAAAAA,1513AAAAAAAAAAAAAAAAAAAAAAAAAAAAAAAA,250mg,
5690d13c-595b-4e29-bc7f-711afc8e7a16,,Metronidazole Co 500mg,79782AAAAAAAAAAAAAAAAAAAAAAAAAAAAAAA,1513AAAAAAAAAAAAAAAAAAAAAAAAAAAAAAAA,500mg,
1f17613f-0e53-4609-9856-558ed43e085d,,Metronidazole Sirop 250mg,79782AAAAAAAAAAAAAAAAAAAAAAAAAAAAAAA,94ecbbb3-71b7-407b-bac4-3279abbf1b69,250mg,
c933dc30-36f6-471f-bca6-53d8a682dce1,,Metronidazole et Nystatin Ovules Vaginales 500mg+100000UI,79782AAAAAAAAAAAAAAAAAAAAAAAAAAAAAAA,1513AAAAAAAAAAAAAAAAAAAAAAAAAAAAAAAA,500mg+100000UI,
2b6dca2c-1499-4724-8648-42d996a57c6d,,Tilvit Sirop,8a52cbaf-7303-44a8-ba47-976c4104f9d7,94ecbbb3-71b7-407b-bac4-3279abbf1b69,N/A,
25dc03a6-b2ca-46d5-8121-43ab025b3e9c,,Neomycine creme 5m/g,dee29eca-5758-4d7f-a98d-9a20551aaac3,0689bb6e-9371-4a0f-ad1c-63c135b1714d,5m/g,
057862ef-9fe0-40c8-8955-3149b25c4a70,,Nifedipine Co 20mg,251a17f9-c229-4aee-9555-9bf7620b2a5a,1513AAAAAAAAAAAAAAAAAAAAAAAAAAAAAAAA,20mg,
31fe8ffe-3a78-435c-81b2-153fa11deb32,,Normal Saline 0.9%,cc4a27b0-78cb-4d3d-9c85-51f4a06d1f4a,90a3f930-2eef-4a2e-8427-5359607c7b13,0.90%,
5650eb5e-97e5-45ed-8b61-46920d3bbc43,,Normal Saline 0.45%,cc4a27b0-78cb-4d3d-9c85-51f4a06d1f4a,90a3f930-2eef-4a2e-8427-5359607c7b13,0.45%,
17e9b385-de8b-4d60-a7de-c37cbe2a3d1c,,Gouttes Nasale 0.9%,cc4a27b0-78cb-4d3d-9c85-51f4a06d1f4a,90a3f930-2eef-4a2e-8427-5359607c7b13,0.90%,
e5574e71-17ea-434f-8649-eba766be4087,,Nystatin creme vaginale 100000UI/g,984a9a0b-13f6-4bb4-b55d-c51d5ce225c9,0689bb6e-9371-4a0f-ad1c-63c135b1714d,100000UI/g,
9e1837cf-0e08-41b0-90c0-11bdd0c4c046,,Nystatin Sirop 100000UI,984a9a0b-13f6-4bb4-b55d-c51d5ce225c9,94ecbbb3-71b7-407b-bac4-3279abbf1b69,100000UI,
c10cc9b5-c1ec-4d73-9192-9dc6b40e16f9,,Omeprazole Co 20mg,df3f7c1f-dac8-429b-ba38-90d770c1253c,1513AAAAAAAAAAAAAAAAAAAAAAAAAAAAAAAA,20mg,
d16da6ff-03e6-49d3-998c-c4c0e77d811f,,Otocare Gouttes,a86aa3b5-1e6e-4eb0-bc3c-e564d60eb490,90a3f930-2eef-4a2e-8427-5359607c7b13,N/A,
78e814ac-0974-41cc-8283-4487ccf32370,,Prednisone Co 5mg,8d27dba5-b2ee-4f02-acb7-49e63267cdfe,1513AAAAAAAAAAAAAAAAAAAAAAAAAAAAAAAA,5mg,
57b30902-bce2-4279-ac22-b6d3fe5a4308,,Primaquine Sirop,2e873fde-66b3-41b4-bdb7-1c29c8d5e1cf,94ecbbb3-71b7-407b-bac4-3279abbf1b69,N/A,
7a1398d1-4667-4123-8633-db03f53299c2,,Primaquine Co 7.5mg,2e873fde-66b3-41b4-bdb7-1c29c8d5e1cf,1513AAAAAAAAAAAAAAAAAAAAAAAAAAAAAAAA,7.5mg,
01999b32-4e32-4a7b-92b9-515185f60e21,,Ranitidine Injection vial 50mg,4c187e9c-3623-4763-94b4-86426e6a447f,bd1b2599-84d2-4f33-ba25-4f6d42d147a5,vial 50mg,
79c12ca2-0755-4bf4-b509-8c72239536f9,,Ringer Lactate,b368b7f7-f87b-4414-9537-1f6bee82e448,90a3f930-2eef-4a2e-8427-5359607c7b13,N/A,
3099b446-010e-426a-ba02-bf62f1077f2e,,Salbutamol Pompe,9088359a-587f-4dbc-b13e-b3c38a07cd85,658c1b9c-51c8-4734-8bf2-80e750c7889f,N/A,
0f4627ca-7bb4-414f-a07e-5d24c0d3a442,,Salbutamol Co 4mg,9088359a-587f-4dbc-b13e-b3c38a07cd85,1513AAAAAAAAAAAAAAAAAAAAAAAAAAAAAAAA,4mg,
d39b535c-9a32-49c1-b339-e512d811c44d,,Salbutamol Sirop 2mg/5 ml,9088359a-587f-4dbc-b13e-b3c38a07cd85,94ecbbb3-71b7-407b-bac4-3279abbf1b69,2mg/5ml,
13b68d05-a6c1-43ac-ae12-a68eb8459ab6,,Di-Gas Gtts 40mg,3fc5c46f-9c31-46ef-b96e-a12216f93a62,90a3f930-2eef-4a2e-8427-5359607c7b13,40mg,
e5e8b45b-83db-4a9d-8cd4-398c4e8081fa,,Simvastatin Co 20mg,3cba8193-4ffd-4cc3-828b-3269da016da5,1513AAAAAAAAAAAAAAAAAAAAAAAAAAAAAAAA,20mg,
18ce1953-f81d-4443-8b81-c3ec6d891767,,Sorbacid Sirop 375mg,0f57f6ea-d4bf-4291-98a0-81eacbb8b49f,94ecbbb3-71b7-407b-bac4-3279abbf1b69,375mg,
3171aeb3-5475-4ea2-b662-531f0c732716,,Ophtalmide Gouttes,516e7c1e-9019-4c19-a853-862e4a8fd8c1,90a3f930-2eef-4a2e-8427-5359607c7b13,N/A,
bebc4d5f-df7b-485a-9b3b-3420f536cb6f,,Cotrim Co 960mg,becdbefb-d88b-4a21-affa-46a2c5dbdbdb,1513AAAAAAAAAAAAAAAAAAAAAAAAAAAAAAAA,960mg,
bed41e87-9cfc-4d1f-9b44-c23732e6c162,,Cotrim Sirop 240mg/5ml,becdbefb-d88b-4a21-affa-46a2c5dbdbdb,94ecbbb3-71b7-407b-bac4-3279abbf1b69,240mg/5ml,
a8c6dff1-2d10-4002-8adc-f9a1a86b611a,,Tetracycline,84893AAAAAAAAAAAAAAAAAAAAAAAAAAAAAAA,1513AAAAAAAAAAAAAAAAAAAAAAAAAAAAAAAA,,
fa34b226-60bf-4597-8047-72e2b5ef549b,,Tetracycline 500mg,84893AAAAAAAAAAAAAAAAAAAAAAAAAAAAAAA,1513AAAAAAAAAAAAAAAAAAAAAAAAAAAAAAAA,500mg,
ff3576e9-5c64-432a-9cc4-de46e808a290,,Tetracycline Ophtalmique,98b66058-5de5-4a1e-85ef-ec981bee6ad3,0689bb6e-9371-4a0f-ad1c-63c135b1714d,N/A,
80aded9f-32f0-4d5d-800c-043508f65ad8,,Trazidex Onguent Ophtalmique,587a6e6e-3675-4c92-bac0-a5c99ce1425e,0689bb6e-9371-4a0f-ad1c-63c135b1714d,N/A,
85000244-5a6c-4ad5-98c1-49f7eaf69fc5,,Tramadol Injection vial 100mg,34daf0c8-739f-4649-9d96-b45a32a233d6,bd1b2599-84d2-4f33-ba25-4f6d42d147a5,vial 100mg,
1f543777-ea62-4cd5-b0b8-76edfca2b736,,Virufen forte Sirop,8836eada-b012-423d-bb77-e4da796f5885,94ecbbb3-71b7-407b-bac4-3279abbf1b69,N/A,
c5e1437f-e7d9-4016-8ceb-ce70056b6c8e,,Vitamin C Co 500mg,b7bab21f-5d84-4e48-b056-bdc25e696365,1513AAAAAAAAAAAAAAAAAAAAAAAAAAAAAAAA,500mg,
ac6c90a6-1070-4ef7-a24a-8a668367b1fa,,Vitamin C Sirop 500mg/5ml,b7bab21f-5d84-4e48-b056-bdc25e696365,94ecbbb3-71b7-407b-bac4-3279abbf1b69,500mg/5ml,
85580d71-7bef-415c-8b88-4168285ace82,,Vitamin C Gouttes 100mg/ml,b7bab21f-5d84-4e48-b056-bdc25e696365,90a3f930-2eef-4a2e-8427-5359607c7b13,100mg/ml,
af3fce1f-dcb1-4f76-ad4c-b8ebda43070c,,Vitamine B-Complex Injection,836b7f4c-9e3c-4a53-bb08-ab8990b5b9d8,bd1b2599-84d2-4f33-ba25-4f6d42d147a5,N/A,
481e357d-6c45-4c8a-beec-6d8f858f2552,,Vitamine B-Complex Co,836b7f4c-9e3c-4a53-bb08-ab8990b5b9d8,1513AAAAAAAAAAAAAAAAAAAAAAAAAAAAAAAA,N/A,
8a54b957-8c4d-4ab6-9e42-575bf5b7be83,,Vitamin A,86339AAAAAAAAAAAAAAAAAAAAAAAAAAAAAAA,90a3f930-2eef-4a2e-8427-5359607c7b13,N/A,
9eb0a661-f27b-472e-a35d-04dc1dba0860,,Mycrogynon 30,b2727136-70f5-470b-81a2-26aeff3f346f,1513AAAAAAAAAAAAAAAAAAAAAAAAAAAAAAAA,N/A,
61444a80-77b6-4986-b9c1-07eab731ce28,,Microlut 30,71eb922d-5a51-415a-a838-8a815280abfa,1513AAAAAAAAAAAAAAAAAAAAAAAAAAAAAAAA,N/A,
012f0f5d-c76e-4a28-8e60-30c440f5ff62,,Depo Provera,6533b40f-a783-435f-9c92-19d5e7343d98,bd1b2599-84d2-4f33-ba25-4f6d42d147a5,N/A,
62a34f17-e83c-4dbc-b53b-9a7f9478501a,,RHEZ,c103ec05-577d-4f64-85ec-54c361895198,1513AAAAAAAAAAAAAAAAAAAAAAAAAAAAAAAA,N/A,
667682cc-6731-4784-acdc-c7fb7c98d15a,,RH,606f9339-1430-4a00-8515-55095ef66c3b,1513AAAAAAAAAAAAAAAAAAAAAAAAAAAAAAAA,N/A,
b72bc0a5-6330-4f1a-9dc5-f6ac7952133a,,Acefen 10 CES,0ce24053-8a6d-4124-b795-b777edae833d,CES,100MG BTE 10 CES,
843f9b90-e154-4230-86b1-d255ae871f34,,Acefen 30 CES,0ce24053-8a6d-4124-b795-b777edae833d,CES,100MG BTE 30 CES,
f3fe3779-9538-4e9e-bf4f-d6e01151896c,,Aerius,3833a014-c05e-476b-b44c-4d00d2a3a9dc,SIROP,2.5MG/5ML FL 60ML,
6ab8b0ed-1e95-4868-9b53-a0c0b2fc813b,,Albendazole 200MG,8f668b49-584f-4cba-b0f2-817a8aaf50c4,CES,200MG BTE 2 CES,
51384889-1c2c-45cb-87cd-63092bc0348b,,Albendazole 400MG,8f668b49-584f-4cba-b0f2-817a8aaf50c4,CES,400MG BTE 1 CES,
b754b0ec-9a74-4846-bdf9-2113d80506f3,,Algesal,530edddc-36f1-4d07-88a5-e8d7dbc0d209,BAUME,6.54/3.46% TBE 40G,
9bcac750-027c-4f42-bc02-48e61e0dbb0b,,Aminophilline,5afe4b24-8bd1-47df-99cc-94c309f00951,CES,100MG BTE 20 CES,
4ad4b397-5a07-41fc-a607-5d3fb98bdfef,,Aminosidine,61d4f1a7-13bd-491e-89b8-265676d9afee,CES,250MG BTE 12 CES,
8a927544-e0fb-41c7-8b3a-29f565f684ce,,Amoxycilline 125MG/5ML,05c5a64b-b5bc-4be1-8cc3-d9efb439489b,SIROP,125MG/5ML FL 80ML,
2615bc39-2d4a-48ad-944e-c19e87255882,,Amoxycilline 250MG/5ML,05c5a64b-b5bc-4be1-8cc3-d9efb439489b,SIROP,250MG/5ML FL 80ML,
c1aed9e9-a5b3-47da-927e-852b18b58381,,Amoxycilline 12 GELULES,05c5a64b-b5bc-4be1-8cc3-d9efb439489b,GELULE,500MG BTE 12 GELULES,
2949abb6-2a89-4d0b-93f0-83e807594f28,,Antalgex,83c4c9e3-11cf-4cf8-8704-ec2b5f8c2138,T,325MG/37.5MG BTE 20 CES,
16ac63d3-a6a2-440d-b76c-5af65a4c0d6a,,Astaph,2c957408-ad54-4a86-92e1-47b966d9fc43,GELULE,500MG BTE 12 CES,
a733fcfd-86de-4ec6-8cf7-d68db2ada5a3,,Ataktan,5057fe22-4ce8-4ac7-be76-2bfc649667f4,CES,100MG BTE 30 CES,
27d51e4d-e0fa-4fa5-b378-5398828a78ac,,Azithromycine 3 CES,71780AAAAAAAAAAAAAAAAAAAAAAAAAAAAAAA,GELULE,500MG BTE 3 CES,
e803280e-157c-4dcb-ba9b-f7c3fa8f7e49,,Azithromycine 15ML,71780AAAAAAAAAAAAAAAAAAAAAAAAAAAAAAA,PDRE POUR SUSP BUV,200MG/5ML FL 15ML,
d3732fa9-379e-4a4b-aff6-19e006478f92,,Bande De Velpeau 10CM,b8423d64-a21d-4e94-8858-0d1a0328bcfa,,10CM,
07a0299c-f755-4c11-8632-e35994afb6a6,,Bande De Velpeau 15CM,b8423d64-a21d-4e94-8858-0d1a0328bcfa,,15CM,
b6ba820c-a847-44de-adaf-296b802e5ac2,,Bande De Velpeau 20CM,b8423d64-a21d-4e94-8858-0d1a0328bcfa,,20CM,
c7a0a4de-636e-4068-855e-575b92269e66,,Bande Ombilicale,aa0277b7-ae00-43a4-a5b0-0194dbbeda0b,,,
320f40ab-0631-40c5-bfb9-91a131fb8fe4,,Bande Ombilicale Somos Bb,1a532bb3-2139-4850-b570-ccb9c7f5926f,,6CMX 2M PIECE,
03544a27-f811-4726-b0c3-45f52a83f67a,,Bande Platree,6b25eaf7-3d22-475a-a5d3-478e3e0f99bd,,10CM,
526f14f5-a54c-41d4-a414-1bbab4d0af4e,,Bande Velpeau (De Crepe),37b9d4b0-3240-456d-a356-aca05fbead84,,15CMX 4M PIECE,
7b3a7fd2-bd5a-430f-a1ed-375c389e98d8,,Benzoate De Benzyl,1b296ced-55cc-48b7-96c3-9447267d1302,SOL EXTERNE,0.25 FL 100ML,
7d6c89e3-08cd-4184-821a-84144da3d382,,Betadine,8317c6d6-5f6a-4d84-86a7-a72cdfdb240a,SOL EXTERNE,0.1 FL 125ML,
5d02b07e-717b-47e3-b058-fe4c584a512c,,Bronchathiol Adulte,28bf01cb-f6de-4f08-a6f6-d202858f1180,SIROP,0.05 FL 150ML,
32d6aa7f-de22-49c1-af63-628c064ca470,,Candid V3,95dd352d-710e-4051-b2fd-fa211396945a,CES VAGINAL,200MG BTE 3 CES VAG,
b1eea7c8-5ac7-46cf-a87c-a0b75d06737a,,Candid V6,e2a7abb7-333d-4928-8b8d-92e7bdf2aa34,CES VAGINAL,100MG BTE 6 CES VAG,
b0984cee-d402-4be6-bea4-aa39446e13ee,,Captopril,f5e348b5-ecd5-47cf-9a37-78e7ef08978d,CES,25MG BTE 30 CES,
3e1bb879-b37e-43a3-aca2-936366a7c85c,,Carbamazepine,deb305b9-15da-4ca6-aae7-07a8f47045ad,CES,400MG BTE 10 CES,
7841924c-1e97-4104-97b0-69cedf261a0d,,Cardiurine,fa3d9306-2080-434e-804b-4df0fe450db6,CES,50MG/25MG BTE 30 CES,
d88747a1-7540-471b-95f4-4ddd58183d70,,Catheter G16,c0fdfa47-8bf2-466e-b0f4-cce87e76609d,,G16,
8929db43-5f6d-4e59-bf00-4618fac97572,,Catheter G18,c0fdfa47-8bf2-466e-b0f4-cce87e76609d,,G18,
c6073f25-0515-426c-b311-71ed6b0b0365,,Catheter G20,c0fdfa47-8bf2-466e-b0f4-cce87e76609d,,G20,
a335d8b1-890f-444f-b483-f0260f97b444,,Catheter G22,c0fdfa47-8bf2-466e-b0f4-cce87e76609d,,G22,
2ba85b40-9ed4-4c9b-a331-dc27f77d0ef9,,Catheter G24,c0fdfa47-8bf2-466e-b0f4-cce87e76609d,,G24,
086a4f7f-3ca4-4e41-8708-9177e047aec8,,Cefixime,4316906b-9ef4-4326-bd76-2988beed82a4,CES,200MG BTE 10 CES,
f0001f3c-f6de-4153-9f84-3915718bf1f2,,Celestene,a4a6106b-15d9-4355-a193-791b3e2c9944,CES,0.5MG BTE 30 CES,
6db962f7-f5a5-47b6-b423-1448237b63db,,Centacid,0f26e58d-6dc9-4346-8d32-fcd912f51a63,SUSP BUV,250MG/200MG/40MG FL 170ML,
a799a93f-357c-4838-8f5a-2868b43002fe,,Cetirizine 10 CES,dfeb53e9-4253-42fc-8f6e-edc6213c9515,CES,10MG BTE 10 CES,
9d2d75a8-eecd-4f75-a188-6d2bcdf8aa1d,,Cetirizine 60ML,dfeb53e9-4253-42fc-8f6e-edc6213c9515,SOL BUV EN GTTE,10MG/ML FL 60ML,
c1f81d99-8a91-4ea5-bfbf-ba9f4d8a713f,,Chloramphenicol 60ML,eb3ce64c-600a-4357-8ed6-3e3809000aa3,SUSP BUV,125MG/5ML FL 60ML,
3489698d-1402-4b9d-aff3-f83d519d9e9c,,Chloramphenicol 10ML,eb3ce64c-600a-4357-8ed6-3e3809000aa3,COLLYRE,0.5% FL 10ML,
2d2262bc-7af8-4511-ad29-100eb6a2524e,,Chlorpheniramine 10 CES,b46265ad-397e-4db3-a439-594ff495f39f,CES,4MG BTE 10 CES,
0997ce4f-6938-4f78-b9bb-c125eb98c052,,Chlorpheniramine 100ML,b46265ad-397e-4db3-a439-594ff495f39f,SIROP,2MG/5ML FL 100ML,
767ea96f-4c45-4cdc-b976-1d0a2f7fadba,,Ciprofloxacine 10 CES,a5a5aaf1-541e-4ca6-9753-bd4b0e479f81,CES,250MG BTE 10 CES,
5e94f7a9-5e08-4d4b-b2dc-f6f11eef9710,,Ciprofloxacine FL 5ML,a5a5aaf1-541e-4ca6-9753-bd4b0e479f81,COLLYRE,0.3% FL 5ML,
246c1453-15d1-4f60-b939-7fa5a7fc6e86,,Clarithromycine,a4391c57-549b-4047-8971-c3fa72e140b5,CES,500MG BTE 10 CES,
3db0f154-90a6-485b-8d23-46ef550661ea,,Clavox 16 CES,652b5764-c726-4d9e-9f9d-5c352d766bbf,CES,500MG/125MG BTE 16 CES,
bfa84ce6-1fe0-4c7f-9ab6-9b262208c4a1,,Clavox 70ML,652b5764-c726-4d9e-9f9d-5c352d766bbf,PDRE POUR SUSP BUV,200MG/28MG par 5ML FL 70ML,
a93eef55-5b94-4c64-933d-189b110f9daf,,Clofains,27a5f999-5a5e-41e4-8c8c-f37430381435,CES,500MG/50MG BTE 10 CES,
271374e5-b465-45b8-8fd6-45aaec1aad05,,Cloxacilline 16 GELULES,1b535529-68fb-4bb5-bb5a-202ec74efb1d,GELULE,500MG BTE 16 GELULES,
abec5197-0266-4db0-bfd3-a638f7ec807a,,Cloxacilline 100ML,1b535529-68fb-4bb5-bb5a-202ec74efb1d,PDRE POUR SUSP BUV,125MG FL 100ML,
171d7775-a89b-480a-b382-b9dd0ebc8c5a,,Compresses,887087cf-9b73-4714-b154-5bf908d5ce62,SPECIALE,,
7aca944d-a69a-413f-b5f2-f248ba7234e3,,Cotrimoxazole,5f541b7c-fd9e-47e4-b221-700c2a5307bc,SUSP BUV,200MG/40MG par 5ML FL 60ML,
efc7cdcf-2158-4221-8b04-18810f943a15,,Dafrazol,4e21643c-cf69-4c24-868f-f6b0febbc6d3,GELULE,20MG BTE 14 GELULES,
6a44f7f9-3572-4f23-846f-db7005d5bec2,,Decontractyl,e7a1c431-ed97-4ca2-a381-4329df8db537,PDE,10%/1% TBE 80G,
4ba7e561-be4e-4d18-b7cf-8d2d24cb066e,,Depakine 40 CES,0581a698-e7c0-4910-bc1f-2dfed926dd3c,CES,ENROBE 200MG BTE 40 CES,
eff7167f-92e5-4d2b-8ee5-7dd4c3f1eae0,,Depakine 150ML,0581a698-e7c0-4910-bc1f-2dfed926dd3c,SIROP,200MG/5ML FL 150ML,
2dffe27f-8b8c-47ed-91d5-7a1814a49241,,Dermobacter,bc6b0d2a-f48f-4eae-91e0-e8ad250a24e3,SOL EXTERNE,0.2%/0.5% FL 300ML,
b2841f7e-c3da-41e9-be17-74f4b67c8c42,,Desloratadine,67deb9c0-a061-401b-acbf-00badd79c101,CES,5MG BTE 20 CES,
818665c1-8278-4080-bc46-bae0e1892021,,Deslova 10 CES,628af3ba-5bc5-43ce-a31c-9463abfc7683,CES,5MG BTE 10 CES,
87bb8a69-46a8-4e96-ac9c-fc084778f41f,,Deslova 60ML,628af3ba-5bc5-43ce-a31c-9463abfc7683,SIROP,2.5MG/5ML FL 60ML,
53bf5ca4-631a-462c-89b4-e76b8128222f,,Dexacin,7f9e08f7-4e3e-4583-bc4a-a22eb8d9ee82,COLLYRE,0.1%/0.5% FL 5ML,
b6ffe15c-feeb-4f04-bf59-6d3ea10af361,,Diagone,ed65c613-8726-40ad-bc78-d67117789299,CES + PPSB,20MG + SRO BTE 10 CES + 4 SACH,
11fd1dac-5640-428c-a1ed-87c10863008c,,Diazepam,eab2bb93-b2d1-42ef-817e-1b47d79d76db,CES,5MG BTE 20 CES,
f1266ac9-cec6-467a-bb39-1aa136c1238c,,Diclofenac Pde Dermique,2259f00a-3e46-488f-ac08-a52611b4c617,PDE DERMIQUE,0.01 TBE 30G,
2e2f1f9f-bd43-4a49-aacc-7c368355e544,,Diclofenac Retard,4ec87e52-bc10-4006-8f73-42646d717b7e,CES,LP 100MG BTE 10 CES,
7478138f-d626-4e5e-bcf9-89fe8f9de784,,Dicynone,eab962d2-5351-4159-b6d9-3e5622b0d289,CES,500MG BTE 20 CES,
cd25f1df-ac66-4d45-8d38-42ef4755b61a,,Difenasol,c8d681a2-51cd-4b84-a9af-08caa5fa6217,COLLYRE,0.001 FL 5ML,
c579f271-8ca3-4f7b-817e-19ed2be13822,,Domperidone 10MG,b68192db-fc09-445f-9232-0ba54858e41d,CES,10MG BTE 30 CES,
8606b97d-ca12-4b53-8004-c6ede8fd0ddd,,Domperidone 1MG/1ML,b68192db-fc09-445f-9232-0ba54858e41d,SUSP BUV,1MG/1ML FL 125ML,
1c3af468-38ca-498c-911d-b857262ffd50,,Doxy,30e5179a-f20e-4983-9b18-417f2f1aa7ea,CES,200MG BTE 8 CES,
348eb03f-ccc1-473c-9465-857a9bc63f38,,Duphalac,bbc09b6d-9667-4c01-a85b-8a901ee4e7d5,SOL BUV,66.5% FL 200ML,
da6849d8-6d6a-4b97-9abd-31c96aa7fda1,,Duphaston,34ce6db0-254d-44c4-b714-afd0b4d14b91,CES,10MG BTE 10 CES,
3ec43c2f-c7de-4002-9494-23d93bc67f13,,Duspatalin,5baee4e8-5c74-4d21-bd7b-17fc6838ef75,CES,200MG BTE 30 CES,
9fe0e82e-0a16-4f46-b663-f8d84433a246,,Dynamogen,f42bd9c4-e94b-4318-b214-ed5e6a9792c3,AMP BUV,3MG/1G BTE 20 AMP,
282a2b5d-1db1-43cc-a74c-0bd273efbff1,,Eau Oxygene,117ffa8a-3e1e-4c04-9071-7bbc38368ad7,,/ML,
bffd91d3-07d2-49fc-b369-3ed7186d052c,,Eau Pour Preparation Injectable,f9d0d6ea-434b-459e-bf0a-b15968f7f12d,FL,10ML,
93dcb06b-e0cb-4ac0-a76d-a53158ea42ac,,Echographie,3a072bc3-a041-4777-8082-c79a1d6475dd,,,
889e0257-e1c1-4d7a-8d74-530cfbe82bae,,Efferalgan,e80d4006-04a1-46bd-880c-733be666ab8a,CES EFFER.,500MG BTE 16 CES,
e571cea1-a12d-4778-9c16-471e155c0daa,,Erythromycine,404e784f-e4d8-427d-ad64-196348672168,GRANULES POUR SUSP BUV,125MG/5ML FL 100ML,
4684a2fe-eed5-4360-a79c-7adc2b83fe95,,Esomeprazole,75875AAAAAAAAAAAAAAAAAAAAAAAAAAAAAAA,CES,20MG BTE 28 CES,
452cb737-d962-4881-8a05-857821525362,,Exxib,22f22fb7-1581-43f2-badb-03824c6b95ac,CES SECABLE,200MG BTE 10 CES,
667a8964-ed8e-4c75-9d9a-e33c1641a86f,,Fercefol 100/4/200MG,b5eeaf1f-234e-4b0f-a4b8-ab3f2285a84e,CES,100/4/200MG BTE 30 CES,
77b21b3c-1a00-4b26-8cef-3ea41c49c1bd,,Fercefol 50MG/2MG/100MG,b5eeaf1f-234e-4b0f-a4b8-ab3f2285a84e,SIROP,50MG/2MG/100MG FL 150ML,
200e9e8e-fd25-41fa-b0e0-ef2aa5b2f2f8,,Flacon Selle,e3e4d32b-7a02-48c1-97cd-12688f7773af,,,
4db4147e-5f4c-4acb-a673-f194590a8fd2,,Flacons Vides,9b8f6cc4-5376-4ad3-bf7c-9b2f5ce9d6af,,,
286fa2d1-9b13-4919-81a4-9ec766cfed7f,,Flexdol,0bc0265b-63e1-4c2e-b283-dac05a687b21,CES,200MG/500MG BTE 10 CES,
0e854791-c441-42c8-a92e-0aebf0b897ec,,Floxsol,14ed2f86-3c21-47ea-a391-217cddebc593,COLLYRE,0.3% FL 5ML,
7b5a9be1-419b-413d-8a83-3e17107bbfa0,,Flucazol 100MG,1e249d8e-b7e7-4e9d-b5db-ecec4cfda474,GELULE,100MG BTE 10 GELULES,
4f2b2e04-39c9-4273-8b84-6e0665f68013,,Flucazol 50MG/5ML,1e249d8e-b7e7-4e9d-b5db-ecec4cfda474,SUSP BUV,50MG/5ML FL 60ML,
0b96c89e-56c6-43ce-aa26-62d991e822bd,,Fucidine 0.02 TBE,9034351c-f112-4c9f-b29a-b62a80c008db,CREME DERMIQUE,0.02 TBE 15G,
4912406b-8134-402e-9c59-f8df3aefd6a1,,Fucidine 250MG,9034351c-f112-4c9f-b29a-b62a80c008db,CES,250MG BTE 10 CES,
105a6e1e-e92c-4ad0-a340-6458cfceb887,,Fucidine FL 90ML,9034351c-f112-4c9f-b29a-b62a80c008db,ENFANT SUSP BUV,250MG/5ML FL 90ML,
6400ed64-91a0-4036-bb2f-5866fe64d525,,Gamalate,73477641-b67d-485c-b793-43b7046cce80,CES,75/37/75/37/210MG BTE 20 CES,
9b5316ea-0ad3-4ed1-bc92-cc539e2ab9a8,,Gants Propres (D'examen),1d325b61-f8a2-4bbb-a991-f8179f74d943,,,
58437596-3941-4f13-8e72-a1759fff307a,,Gentamycine,1b6b830c-068d-460d-8411-c42ffe7b0331,COLLYRE,0.3% FL 5ML,
7b55ff58-9ca0-49cc-ba96-4259eb64f7d9,,Glucophage,79651AAAAAAAAAAAAAAAAAAAAAAAAAAAAAAA,CES,RETARD 850MG BTE 30 CES,
38c2f985-4d9e-4463-ac0d-b9efe42c32c7,,Gynagon,7ec139bb-5619-4f1f-afdc-9d879c8cf95d,KIT,CES 2G/150MG/1G BTE 7 CES,
90421605-8346-45c7-be82-16777493d7a3,,Haloperidol,5831575c-89a8-45d5-a02e-ac194d70c064,CES,5MG BTE 1 CES,
b24bdd09-c4ca-40a2-9667-55de242ab5d8,,Ibuprofen,ff5cdb18-0258-4467-bf1f-35c7b6339767,SUSP BUV,100MG/5ML FL 100ML,
e61b3933-54b9-4e82-9ed1-fe95f68e0f25,,Ibuprofen Denk,ff5cdb18-0258-4467-bf1f-35c7b6339767,CES PELLIC.,400MG BTE 20 CES,
52b9a936-a3e6-4b8b-baee-2ff8da28ca68,,Incision D'abces Chaud,27394e2d-8a88-46c5-8da0-7bf97b98b853,,,
276bdefc-0cee-4088-8dc9-fe005f41f022,,Kemoxyl+F 250MG/250MG,82d38313-cf0d-40de-b1dd-d309c03f57c7,GELULE,250MG/250MG BTE 20 GELULES,
c183bc48-09c2-483a-b1f5-2b89ab2427ab,,Kemoxyl+F 125MG/125MG,82d38313-cf0d-40de-b1dd-d309c03f57c7,PDRE POUR SUSP BUV,125MG/125MG FL 100ML,
75037c7f-a2d8-4bb6-b71b-0e83fbb5bb6f,,Ketoconazole BTE 10,73e9e187-7164-4e0a-bb36-0a7178406288,CES,200MG BTE 10 CES,
3db2d869-0887-476b-b0b2-6dc5e90aceb3,,Ketoconazole TBE 15G,73e9e187-7164-4e0a-bb36-0a7178406288,CREME DERMIQUE,0.02 TBE 15G,
864bd580-6f08-473b-9f48-c6820bd9efa3,,Loaktan,8c6234d5-cbf0-44e7-a553-1e65db78f2f3,CES,PELLIC. 50MG BTE 30 CES,
039b911e-7516-4f60-acc4-0c41cdb8ed64,,Loaktan-H,68e85292-982a-4e8b-b86e-607af0fa7b13,CES,50MG/12.5MG BTE 30 CES,
c7caeab5-72f6-4597-ab36-8ab11cb1643c,,Metformin Denk,79651AAAAAAAAAAAAAAAAAAAAAAAAAAAAAAA,CES,PELLIC. 850MG BTE 120 CES,
ba921c0d-52d9-4f5c-beaf-1dbfed9cd1bc,,Metronidazole,79782AAAAAAAAAAAAAAAAAAAAAAAAAAAAAAA,SUSP BUV,125MG/5ML FL 100ML,
889e93d7-a2f5-4175-b5ac-9cebc166104e,,Miconazole,3ad27177-3d92-4061-b580-3b4151ed7c50,CREME DERMIQUE,0.02 TBE 15G,
4f009d09-f970-46cf-9c9c-621280fb2582,,Montelova Adulte,63a59d71-c8ef-4eff-b93e-8c5829257fe5,CES,10MG/5MG BTE 10 CES,
af53308a-5668-457a-aa19-f10090cb7263,,Multivitamine BTE 20,5e34d2eb-d7e5-484f-9c9a-71e4d6f88541,CES ENR,BTE 20 CES,
0d2152eb-cb5f-4c0d-bec9-bcbf2160bce1,,Multivitamine 100ML,5e34d2eb-d7e5-484f-9c9a-71e4d6f88541,SIROP,MULTIPLE FL 100ML,
40e5b983-f77c-4c58-955b-9d302997d91b,,Neo-Medrol Acne,829be6ab-a148-411a-acff-bd3faecbe356,LOTION,0.25%/0.25% FL 25ML,
df34cf52-681d-4d16-b5ba-2c7f04189352,,Neomdexsol,7e5899e0-a57d-4edb-9c23-a9c0d5b8a197,COLLYRE,0.1%/0.35% FL 5ML,
d042b800-ca5c-44a9-888b-935497477c17,,Neurotin,1d5c6e4b-8e9f-4038-9849-92b049f81750,CES,300MG BTE 30 CES,
05070980-a83c-4ec2-92b8-980281a86c77,,Nifedipine,251a17f9-c229-4aee-9555-9bf7620b2a5a,CES,10MG BTE 30 CES,
389f775a-2063-4212-8d9f-62cc8642b03d,,Nucleo Cmp,b0943514-a201-40ed-9201-732cc68d4b27,SOL INJ,1/1.2/0.8/5 MG BTE 3AMP,
235ddeb0-7f38-4801-964a-2270f101d68b,,Nystatine,984a9a0b-13f6-4bb4-b55d-c51d5ce225c9,CES VAGINAL,100000UI BTE 15 CES,
1e029154-94f9-4ab3-b028-b875f183c1c3,,Omeprazol,5fcd7dfa-e0c6-42a7-ad90-fdc53f5dfd28,GELULE,20MG BTE 28 CES,
4a819c37-c520-49f1-8b70-f3200fdfc91e,,Optadex-N,8bb140a4-8dce-4ee0-8a5a-d513e531678a,COLLYRE,0.1%/0.35% FL 5ML,
90ee1477-d8d5-486f-a61e-09da1a948a5e,,Paracetamol 100MG,9881091b-1802-4c62-8b80-a8fcb170b59f,CES,100MG BTE 20 CES,
d3410902-3c0e-48ba-b1ec-527fedd52979,,Paracetamol 125MG/5ML,9881091b-1802-4c62-8b80-a8fcb170b59f,SIROP,125MG/5ML FL 100ML,
be25c964-8796-4733-b993-09dc14da45ae,,Penicilline V,c53def06-491e-49ba-93d7-8e4ae356c363,CES,250MG BTE 15 CES,
958e4d4b-5f02-4a9f-82f1-d759b11b961d,,Physiodose,199ee70e-68c3-4ff0-a501-f55412b79093,,0.9% FLACON 5 ML,
0ec824d0-82ab-49ba-b895-29ce5cc16500,,Polyginax,4adb0b4a-a48a-4d56-bd5a-d7b7f700822a,OV GYN,35000UI/35000UI/100000UI BTE 6 OV,
b6182250-0bc7-4993-98d8-c06beb02475f,,Potenciator,195967d2-4ac2-47ad-9398-36aa4147fe05,AMP BUV,5G BTE 20 AMP,
db1809e2-3269-4d05-9d2f-2ba4cadda181,,Quinine 300MG,1ae9a100-300b-441e-9e06-55d76a297ab5,CES,300MG BTE 21 CES,
7efb5a82-9c4e-461e-ba1b-a3606acf576f,,Quinine 500MG,1ae9a100-300b-441e-9e06-55d76a297ab5,CES,500MG BTE 21 CES,
1648c4a4-017c-402f-8a8c-2fc13c12f0d9,,Salbutamol 4MG,9088359a-587f-4dbc-b13e-b3c38a07cd85,CES,4MG BTE 10 CES,
3b65bb02-b57d-4870-853d-0a329a5fb05e,,Salbutamol 2MG/5ML,9088359a-587f-4dbc-b13e-b3c38a07cd85,SIROP,2MG/5ML FL 100ML,
d5718b52-28e1-4f42-b042-af625f21b949,,Sekisan,8da62739-c4f1-484b-971a-7c92436a4c65,SUSP BUV,3.54ML/ML FL 120ML,
48d801a2-8a3b-40de-a642-335f3d8fcf8f,,Seringue A Insuline 0.3ML,e1129dda-c44d-4a4b-a118-030d8407f45d,,0.3ML,
90b1d132-4986-4d3e-926f-6d8420f7060f,,Seringue A Insuline 0.5ML,e1129dda-c44d-4a4b-a118-030d8407f45d,,0.5ML,
5a7f862d-be7f-475e-b1e3-a4fa172caf2a,,Seringue A Insuline 1ML,e1129dda-c44d-4a4b-a118-030d8407f45d,,1ML,
d3101837-a5c6-4e29-a549-f4c64c51e013,,Seringue A U U 10ML,d343e6d0-a3b2-4712-b7a4-2579fec86721,,10ML,
8c61c277-77da-4a4b-a5c6-946b8897d514,,Seringue A U U 20ML,d343e6d0-a3b2-4712-b7a4-2579fec86721,,20ML,
85987a2b-a140-4518-ad3e-9b762ca3ffc2,,Seringue A U U 2ML,d343e6d0-a3b2-4712-b7a4-2579fec86721,,2ML,
8f3e2712-baa2-465c-9f74-5c4670731a6a,,Seringue A U U 5ML,d343e6d0-a3b2-4712-b7a4-2579fec86721,,5ML,
77ae5f1d-691d-4e4b-877e-cea617d4ef5d,,Seringue A Uu 50ML,ddb4270d-b27f-41a1-a234-619858350560,PERFUSOR,50ML,
e505f178-8a08-4be2-aa76-0a7a7af3a62f,,Smecta,360aa15d-f63b-40ca-8a8a-0d320ffd963b,SACHET BUVABLE,3G BTE 10 SACHETS,
ace35357-4462-41b6-a850-082d2c781145,,Vaccinostyle,9c20faac-219b-4bb0-becd-251f9938072e,,,
70278349-b42d-405b-9221-a46a4c5b4e7f,,Ac Fenac,97ea5845-077a-49d4-adcb-c9840a849c23,CES ENROBE,100MG BTE 30 CES,
d2b941fc-66db-41d7-a679-9b858af677ad,,Aceclofenac,888fa69d-d613-4979-b0f0-ca4645a57093,CES,100MG BTE 30 CES,
