Uuid,Void/Retire,Same as mappings,Fully specified name:en,Fully specified name:fr,Short name:en,Short name:fr,Description:en,Description:fr,Data class,Data type,Answers,Members,_version:1,_order:1001,
8928a536-d118-4950-a9b0-46185d807eed,,,Acute Myocardial Infarction,Infarctus du myocarde aigu,AMI,IMA,A condition where blood flow to the heart is blocked,Une condition où le flux sanguin vers le cœur est bloqué,Diagnosis,N/A,,,,,
deba999e-41d5-470a-803f-901197cd1357,,,Rheumatoid Arthritis,Arthrite rhumatoïde,RA,AR,An autoimmune disorder that primarily affects joints,Un trouble auto-immun qui affecte principalement les articulations,Diagnosis,N/A,,,,,
6fb945f6-617a-4b34-ad38-486e47e3dfde,,,Stroke,AVC (Accident Vasculaire Cérébral),Stroke,AVC,A medical emergency where blood flow to the brain is interrupted,Une urgence médicale où le flux sanguin vers le cerveau est interrompu,Diagnosis,N/A,,,,,
7d9036ed-f3e8-4075-9d9d-7f0ac45d8992,,,Alzheimer’s Disease,Maladie d’Alzheimer,Alzheimer’s,Alzheimer,A progressive neurodegenerative disease that leads to memory loss and cognitive decline,Une maladie neurodégénérative progressive qui entraîne une perte de mémoire et un déclin cognitif,Diagnosis,N/A,,,,,
5e2e1cc0-caf9-4429-a21c-c8335cb49475,,,Atrial Fibrillation,Fibrillation auriculaire,Atrial Fibrillation,Fibrillation auriculaire,An irregular and often rapid heart rate that can increase the risk of stroke and heart failure,Un rythme cardiaque irrégulier et souvent rapide qui peut augmenter le risque d'AVC et d'insuffisance cardiaque,Diagnosis,N/A,,,,,
ca240027-0c50-4f01-bf0d-e9bfa1ce9596,,,Benign Prostatic Hyperplasia,Hyperplasie bénigne de la prostate,BPH,HBP,A condition in which the prostate gland is enlarged but not cancerous,Une condition dans laquelle la glande prostatique est agrandie mais non cancéreuse,Diagnosis,N/A,,,,,
9bf9bb7f-37aa-4968-957a-9ebab3ed5b73,,,Celiac Disease,Maladie cœliaque,Celiac Disease,Maladie cœliaque,An autoimmune disorder where the ingestion of gluten leads to damage in the small intestine,Un trouble auto-immun où l'ingestion de gluten entraîne des dommages à l'intestin grêle,Diagnosis,N/A,,,,,
f2b3c65c-ff1c-4c66-8979-2b0df24eeadd,,,Chronic Sinusitis,Sinusite chronique,Chronic Sinusitis,Sinusite chronique,An inflammation of the sinus linings that lasts for 12 weeks or longer,Une inflammation des revêtements des sinus qui dure 12 semaines ou plus,Diagnosis,N/A,,,,,
06b80ce6-c1d0-4bf6-9291-03d3a7ba3cc6,,,Coronary Artery Disease,Maladie coronarienne,CAD,MC,A condition characterized by the narrowing or blockage of coronary arteries,Une condition caractérisée par le rétrécissement ou le blocage des artères coronaires,Diagnosis,N/A,,,,,
1dfce2c8-27e9-4f25-a671-56de6d3e8d5b,,,Depression,Dépression,Depression,Dépression,A mood disorder that causes persistent feelings of sadness and loss of interest,Un trouble de l’humeur qui provoque des sentiments persistants de tristesse et de perte d’intérêt,Diagnosis,N/A,,,,,
3a978746-d2ce-43ba-a025-c72331ce14af,,,Eczema,Eczéma,Eczema,Eczéma,"A condition that makes the skin inflamed, red, and itchy","Une condition qui rend la peau enflammée, rouge et irritée",Diagnosis,N/A,,,,,
0a63773b-7b29-40fb-9c8e-96f77d603f99,,,Gout,Gout,Gout,Gout,"A type of arthritis characterized by sudden, severe attacks of pain, redness, and tenderness in joints","Un type d'arthrite caractérisé par des crises soudaines et sévères de douleur, de rougeur et de sensibilité dans les articulations",Diagnosis,N/A,,,,,
a487524e-11d8-46f7-9bc2-61ed83bd6f74,,,Hepatitis B,Hépatite B,Hepatitis B,Hépatite B,A viral infection that attacks the liver and can cause both acute and chronic diseases,Une infection virale qui attaque le foie et peut provoquer des maladies aiguës et chroniques,Diagnosis,N/A,,,,,
bf51a199-7dc1-4b79-abda-13be57765ccb,,,Hyperlipidemia,Hyperlipidémie,Hyperlipidemia,Hyperlipidémie,A condition where there are high levels of lipids in the blood,Une condition où il y a des niveaux élevés de lipides dans le sang,Diagnosis,N/A,,,,,
1ce4c0ef-37f8-4814-8ae6-fe8e6bd3b799,,,Influenza (Seasonal Flu),Grippe saisonnière,Seasonal Flu,Grippe saisonnière,A contagious respiratory illness caused by influenza viruses,Une maladie respiratoire contagieuse causée par des virus de la grippe,Diagnosis,N/A,,,,,
45e696d3-158e-4e18-ab46-8082375e04dd,,,Multiple Sclerosis,Sclérose en plaques,MS,SEP,A disease in which the immune system attacks the protective sheath (myelin) covering nerve fibers,Une maladie dans laquelle le système immunitaire attaque la gaine protectrice (myéline) couvrant les fibres nerveuses,Diagnosis,N/A,,,,,
88d65272-4348-4d8a-88a3-e91abf604a2b,,,Osteoporosis,Ostéoporose,Osteoporosis,Ostéoporose,A condition characterized by weakened bones that are more susceptible to fractures,Une condition caractérisée par des os affaiblis plus susceptibles aux fractures,Diagnosis,N/A,,,,,
25a9b382-6660-4d7d-8ba6-63cce9976519,,,Parkinson’s Disease,Maladie de Parkinson,Parkinson’s,Parkinson,A progressive neurological disorder that affects movement control,Un trouble neurologique progressif qui affecte le contrôle des mouvements,Diagnosis,N/A,,,,,
9f12907d-5d7b-4344-8616-18d5f2946f8f,,,Psoriasis,Psoriasis,Psoriasis,Psoriasis,"A skin condition that causes red, itchy, scaly patches on the skin","Une condition cutanée qui provoque des plaques rouges, prurigineuses et squameuses sur la peau",Diagnosis,N/A,,,,,
1de1a88a-7d95-47ff-892e-e30d0523a6d9,,,Rheumatic Fever,Fièvre rhumatismale,Rheumatic Fever,Fièvre rhumatismale,An inflammatory disease that can develop after a streptococcal infection,Une maladie inflammatoire qui peut se développer après une infection streptococcique,Diagnosis,N/A,,,,,
66672d09-e92b-4660-b1a3-00d6a5c58bc6,,,Systemic Lupus Erythematosus,Lupus érythémateux systémique,SLE,LES,"A chronic autoimmune disease that can affect the skin, joints, kidneys, and other organs","Une maladie auto-immune chronique qui peut affecter la peau, les articulations, les reins et d’autres organes",Diagnosis,N/A,,,,,
57ddb4ef-503f-4144-b8d9-a320335f0f93,,,Ulcerative Colitis,Colite ulcéreuse,Ulcerative Colitis,Colite ulcéreuse,A chronic inflammatory bowel disease that causes inflammation and sores in the colon,Une maladie inflammatoire chronique de l'intestin qui provoque une inflammation et des ulcères dans le côlon,Diagnosis,N/A,,,,,
a7e02bf0-b7b3-4bc5-8a95-2753daa65a03,,,Acute Bronchitis,Bronchite aiguë,Acute Bronchitis,Bronchite aiguë,Inflammation of the bronchial tubes usually caused by an infection,Inflammation des bronches généralement causée par une infection,Diagnosis,N/A,,,,,
232255a9-3878-4ac2-9467-e87f389a3c4a,,,Acute Sinusitis,Sinusite aiguë,Acute Sinusitis,Sinusite aiguë,Inflammation of the sinuses causing facial pain and nasal congestion,Inflammation des sinus provoquant des douleurs faciales et une congestion nasale,Diagnosis,N/A,,,,,
826c8acd-155b-42ca-b38a-68ab89260a51,,,Adenoiditis,Adénoïdite,Adenoiditis,Adénoïdite,"Inflammation of the adenoids, often due to infection","Inflammation des végétations, souvent due à une infection",Diagnosis,N/A,,,,,
3a5ea73d-a5c2-4bf9-b337-1cedef09522c,,,Aortic Aneurysm,Anévrisme de l’aorte,Aortic Aneurysm,Anévrisme de l’aorte,"An abnormal bulge in the wall of the aorta, which can be life-threatening","Une bosse anormale dans la paroi de l'aorte, qui peut être menaçante pour la vie",Diagnosis,N/A,,,,,
17b1e96d-c00f-4ad0-902f-2b4c1c1f34ba,,,Atopic Dermatitis,Dermatite atopique,Atopic Dermatitis,Dermatite atopique,"A chronic skin condition characterized by itchy, inflamed skin",Une condition cutanée chronique caractérisée par une peau irritée et enflammée,Diagnosis,N/A,,,,,
7f813ea5-bf15-4734-b38e-dff927339e7f,,,Benign Skin Lesion,Lésion cutanée bénigne,Benign Skin Lesion,Lésion cutanée bénigne,A non-cancerous growth on the skin,Une croissance non cancéreuse sur la peau,Diagnosis,N/A,,,,,
4c82a987-d5a4-4840-a008-0e1ca817790a,,,Bipolar Disorder,Trouble bipolaire,Bipolar Disorder,Trouble bipolaire,A mental health condition characterized by extreme mood swings,Une condition de santé mentale caractérisée par des sautes d'humeur extrêmes,Diagnosis,N/A,,,,,
99929a38-4243-46d5-9ac1-e824183571cd,,,Bronchial Asthma,Asthme bronchique,Bronchial Asthma,Asthme bronchique,"A respiratory condition causing wheezing, shortness of breath, and coughing","Une condition respiratoire provoquant des sifflements, un essoufflement et une toux",Diagnosis,N/A,,,,,
1e872847-87b3-4e71-bc9f-ddcb7e64f002,,,Chlamydia Infection,Infection à Chlamydia,Chlamydia Infection,Infection à Chlamydia,A sexually transmitted infection caused by the Chlamydia bacteria,Une infection sexuellement transmissible causée par la bactérie Chlamydia,Diagnosis,N/A,,,,,
b014eb5f-5d0f-4498-ba0c-8f9da13c0bf7,,,Congestive Heart Failure,Insuffisance cardiaque congestive,CHF,ICC,A condition in which the heart cannot pump blood effectively,Une condition dans laquelle le cœur ne peut pas pomper le sang efficacement,Diagnosis,N/A,,,,,
ff8dafb4-cd2b-4da7-bec6-34b2a807ff70,,,Crohn’s Disease,Maladie de Crohn,Crohn’s Disease,Maladie de Crohn,A type of inflammatory bowel disease that can affect any part of the digestive tract,Un type de maladie inflammatoire de l'intestin qui peut affecter n'importe quelle partie du tractus digestif,Diagnosis,N/A,,,,,
ffeaab04-adca-41f2-94c1-b58976f0fe01,,,Cystic Fibrosis,Fibrose kystique,Cystic Fibrosis,Fibrose kystique,A genetic disorder affecting the respiratory and digestive systems,Un trouble génétique affectant les systèmes respiratoire et digestif,Diagnosis,N/A,,,,,
e0e7010f-cd84-4e19-80ea-61d639d3ad08,,,Diabetes Mellitus Type 1,Diabète sucré de type 1,DM Type 1,DM Type 1,A chronic condition where the pancreas produces little or no insulin,Une condition chronique où le pancréas produit peu ou pas d'insuline,Diagnosis,N/A,,,,,
f33c6195-c069-41df-b9eb-e4b9c8699a8a,,,Down Syndrome,Syndrome de Down,Down Syndrome,Syndrome de Down,A genetic disorder caused by the presence of an extra chromosome 21,Un trouble génétique causé par la présence d'un chromosome 21 supplémentaire,Diagnosis,N/A,,,,,
f316d1f3-1de0-4b6f-8c46-26a0f7797a11,,,Epileptic Seizure,Crise épileptique,Epileptic Seizure,Crise épileptique,"A sudden, uncontrolled electrical disturbance in the brain",Une perturbation électrique soudaine et incontrôlée dans le cerveau,Diagnosis,N/A,,,,,
53a39d1a-ee73-4c3e-aa84-ba53085caf03,,,Fibromyalgia,Fibromyalgie,Fibromyalgia,Fibromyalgie,A condition characterized by widespread musculoskeletal pain,Une condition caractérisée par des douleurs musculosquelettiques généralisées,Diagnosis,N/A,,,,,
f4b8488b-2489-45ca-921e-95c772e39b8e,,,Gallstones,Calculs biliaires,Gallstones,Calculs biliaires,Hard deposits that form in the gallbladder and can cause pain,Dépôts durs qui se forment dans la vésicule biliaire et peuvent provoquer des douleurs,Diagnosis,N/A,,,,,
f734bbfe-edd2-4632-bc63-26d07ad8dad8,,,Gastroenteritis,Gastro-entérite,Gastroenteritis,Gastro-entérite,Inflammation of the stomach and intestines causing vomiting and diarrhea,Inflammation de l'estomac et des intestins provoquant des vomissements et de la diarrhée,Diagnosis,N/A,,,,,
6195768a-a347-4633-9128-fc5d1288efbf,,,Graves' Disease,Maladie de Graves,Graves' Disease,Maladie de Graves,An autoimmune disorder that causes overactivity of the thyroid gland,Un trouble auto-immun qui provoque une hyperactivité de la glande thyroïdienne,Diagnosis,N/A,,,,,
1843fa11-48c7-48d4-92b9-b82db84cec6d,,,Herpes Simplex,Herpès simplex,Herpes Simplex,Herpès simplex,A viral infection causing sores or blisters on the mouth or genitalia,Une infection virale causant des ampoules ou des lésions sur la bouche ou les organes génitaux,Diagnosis,N/A,,,,,
0b5cca8c-4ae7-4a91-8d54-0e37bed07edb,,,Influenza,Grippe,Influenza,Grippe,A contagious respiratory illness caused by influenza viruses,Une maladie respiratoire contagieuse causée par des virus de la grippe,Diagnosis,N/A,,,,,
dea5e9b4-6236-4068-aa1a-abaf63118455,,,Irritable Bowel Syndrome,Syndrome de l’intestin irritable,IBS,SII,A gastrointestinal disorder causing abdominal pain and changes in bowel habits,Un trouble gastro-intestinal causant des douleurs abdominales et des changements dans les habitudes intestinales,Diagnosis,N/A,,,,,
6f323b49-6727-441d-9e0a-ed0b8cca23d6,,,Kidney Stones,Calculs rénaux,Kidney Stones,Calculs rénaux,Hard deposits made of minerals and salts that form inside the kidneys,Dépôts durs faits de minéraux et de sels qui se forment à l'intérieur des reins,Diagnosis,N/A,,,,,
6eed21be-34e2-4665-b0ab-3b44b57a457e,,,Leukemia,Leucémie,Leukemia,Leucémie,A type of cancer that affects the blood and bone marrow,Un type de cancer qui affecte le sang et la moelle osseuse,Diagnosis,N/A,,,,,
d1ae41a0-310f-4dad-85b0-0e9e1610ea1f,,,Lyme Disease,Maladie de Lyme,Lyme Disease,Maladie de Lyme,"An infectious disease transmitted by ticks, causing fever, headache, and a characteristic rash","Une maladie infectieuse transmise par les tiques, provoquant de la fièvre, des maux de tête et une éruption cutanée caractéristique",Diagnosis,N/A,,,,,
2cf3ec03-c507-4914-a929-52c2f5617d8d,,,Meniere's Disease,Maladie de Ménière,Meniere's Disease,Maladie de Ménière,"A disorder of the inner ear causing vertigo, tinnitus, and hearing loss","Un trouble de l'oreille interne causant des vertiges, des acouphènes et une perte auditive",Diagnosis,N/A,,,,,
d90be7be-0541-4ffc-afb6-07bbf0807251,,,Migraine,Migraine,Migraine,Migraine,A severe headache often accompanied by nausea and sensitivity to light and sound,Un mal de tête sévère souvent accompagné de nausées et d'une sensibilité à la,Diagnosis,N/A,,,,,
d3c0311d-28df-4c33-ba5d-66cca200911b,,,Myocarditis,Myocarde,Myocarditis,Myocarde,"Inflammation of the heart muscle, often due to an infection","Inflammation du muscle cardiaque, souvent due à une infection",Diagnosis,N/A,,,,,
26a9cf40-b96c-4c6f-bcbf-34229dda593a,,,Nephritis,Néphrite,Nephritis,Néphrite,"Inflammation of the kidneys, which can affect kidney function","Inflammation des reins, pouvant affecter la fonction rénale",Diagnosis,N/A,,,,,
00c8628c-7d61-47f0-acf7-81f474c28b3a,,,Obesity,Obésité,Obesity,Obésité,A condition characterized by excessive body fat accumulation,Une condition caractérisée par une accumulation excessive de graisse corporelle,Diagnosis,N/A,,,,,
5f351b42-3f6f-40ec-9247-154f21833d41,,,Osteomyelitis,Ostéomyélite,Osteomyelitis,Ostéomyélite,An infection of the bone that can cause inflammation and pain,Une infection des os qui peut provoquer une inflammation et des douleurs,Diagnosis,N/A,,,,,
b471c1ec-53df-4cab-80c3-5ee9c65bb482,,,Peptic Ulcer Disease,Maladie ulcéreuse,Peptic Ulcer Disease,Maladie ulcéreuse,Sores that develop on the lining of the stomach or intestines,Des ulcères qui se développent sur la paroi de l'estomac ou des intestins,Diagnosis,N/A,,,,,
a8990b69-bd9e-4899-a49e-f1faa0cab5df,,,Pericarditis,Péricardite,Pericarditis,Péricardite,"Inflammation of the pericardium, the lining around the heart","Inflammation du péricarde, le revêtement autour du cœur",Diagnosis,N/A,,,,,
8dfc8dbb-9b76-41ff-9a66-41183816e4a3,,,Psoriatic Arthritis,Arthrite psoriasique,Psoriatic Arthritis,Arthrite psoriasique,An inflammatory arthritis associated with psoriasis,Une arthrite inflammatoire associée au psoriasis,Diagnosis,N/A,,,,,
dc3878f7-9c15-4977-8adb-944089c24e72,,,Rheumatic Heart Disease,Maladie cardiaque rhumatismale,Rheumatic Heart Disease,Maladie cardiaque rhumatismale,Heart damage resulting from rheumatic fever,Dommages au cœur résultant de la fièvre rhumatismale,Diagnosis,N/A,,,,,
4e83ab17-4e98-4542-89c4-5391437e8f44,,,Rotavirus Infection,Infection par rotavirus,Rotavirus Infection,Infection par rotavirus,"A viral infection that causes severe diarrhea, mostly in children","Une infection virale provoquant une diarrhée sévère, surtout chez les enfants",Diagnosis,N/A,,,,,
a2e3a391-47b2-4d44-9636-9ffe23ddd1aa,,,Schizophrenia,Schizophrénie,Schizophrenia,Schizophrénie,A chronic mental disorder characterized by distorted thinking and perception,Un trouble mental chronique caractérisé par une pensée et une perception déformées,Diagnosis,N/A,,,,,
f63101b9-3089-4b3a-8040-c4571fbf6d36,,,Scleroderma,Sclérodermie,Scleroderma,Sclérodermie,A group of autoimmune diseases that cause the skin and connective tissues to harden,Un groupe de maladies auto-immunes qui provoquent un durcissement de la peau et des tissus conjonctifs,Diagnosis,N/A,,,,,
97999dd9-6864-4026-b02a-28ae05b46b6f,,,Seasonal Allergic Rhinitis,Rhinite allergique saisonnière,Seasonal Allergic Rhinitis,Rhinites allergique saisonnière,An allergic reaction that occurs at certain times of the year due to allergens like pollen,Une réaction allergique qui se produit à certaines périodes de l'année à cause d'allergènes comme le pollen,Diagnosis,N/A,,,,,
34a061eb-8f66-4e27-b5de-7c76d2a9b587,,,Syphilis,Syphilis,Syphilis,Syphilis,A sexually transmitted infection that can cause sores and serious health issues if untreated,Une infection sexuellement transmissible qui peut provoquer des lésions et des problèmes de santé graves si non traitée,Diagnosis,N/A,,,,,
66529c45-139b-4e8d-9f36-13697bb8dc81,,,Tinea Versicolor,Teigne versicolor,Tinea Versicolor,Teigne versicolor,A fungal skin infection causing discolored patches on the skin,Une infection fongique de la peau provoquant des zones décolorées sur la peau,Diagnosis,N/A,,,,,
6138d12e-e977-436d-ae08-9330bd1ae2df,,,Trichomoniasis,Trichomonase,Trichomoniasis,Trichomonase,A sexually transmitted infection caused by the parasite Trichomonas vaginalis,Une infection sexuellement transmissible causée par le parasite Trichomonas vaginalis,Diagnosis,N/A,,,,,
5dd59f86-f9b7-4e0f-887d-320920a2e48f,,,Urinary Tract Infection (UTI),Infection urinaire,UTI,IU,"An infection in any part of the urinary system, including kidneys, bladder, or urethra","Une infection dans n'importe quelle partie du système urinaire, y compris les reins, la vessie ou l'urètre",Diagnosis,N/A,,,,,
b2ee55ab-37ba-45ec-b58e-84f73abf09b0,,,Varicose Veins,Varices,Varicose Veins,Varices,"Swollen, twisted veins that are visible just beneath the surface of the skin",Veines enflées et tortueuses visibles juste sous la surface de la peau,Diagnosis,N/A,,,,,
761b64d4-2f8d-400f-b7dd-32630ff94e37,,,Vitamin D Deficiency,Carence en vitamine D,Vitamin D Deficiency,Carence en vitamine D,"A condition resulting from inadequate levels of vitamin D, leading to bone pain and muscle weakness","Une condition résultant de niveaux insuffisants de vitamine D, entraînant des douleurs osseuses et une faiblesse musculaire",Diagnosis,N/A,,,,,
043474fd-f087-4b24-a917-6267fe58aa81,,,Wilson’s Disease,Maladie de Wilson,Wilson’s Disease,Maladie de Wilson,A genetic disorder that causes excessive copper buildup in the body,Un trouble génétique qui entraîne une accumulation excessive de cuivre dans le corps,Diagnosis,N/A,,,,,
b4184125-17f9-4cb7-900d-d2dff2bc0cf3,,,Abdominal Aortic Aneurysm,Anévrisme de l'aorte abdominale,Abdominal Aortic Aneurysm,Anévrisme de l'aorte abdominale,An enlargement in the lower part of the aorta that can lead to rupture,Un agrandissement dans la partie inférieure de l'aorte qui peut conduire à une rupture,Diagnosis,N/A,,,,,
a207a36b-97ad-48fd-84d5-f110896b344f,,,Acute Respiratory Distress Syndrome (ARDS),Syndrome de détresse respiratoire aiguë,ARDS,SDRA,A severe lung condition that causes breathing difficulty and low blood oxygen levels,Une grave affection pulmonaire qui provoque des difficultés respiratoires et des niveaux faibles d'oxygène dans le sang,Diagnosis,N/A,,,,,
13c19d66-8fff-4863-8484-2274bf5c9575,,,Addison’s Disease,Maladie d'Addison,Addison’s Disease,Maladie d'Addison,A disorder in which the adrenal glands do not produce enough hormones,Un trouble dans lequel les glandes surrénales ne produisent pas suffisamment d'hormones,Diagnosis,N/A,,,,,
33ec9cb8-9998-40ae-8c13-8623b9c170ec,,,Amyotrophic Lateral Sclerosis (ALS),Sclérose latérale amyotrophique,ALS,SLA,A progressive neurodegenerative disease that affects nerve cells in the brain and spinal cord,Une maladie neurodégénérative progressive qui affecte les cellules nerveuses dans le cerveau et la moelle épinière,Diagnosis,N/A,,,,,
35ae2bd7-9b84-413f-9391-be65aab5c29e,,,Anorexia Nervosa,Anorexie nerveuse,Anorexia Nervosa,Anorexie nerveuse,An eating disorder characterized by an intense fear of gaining weight and a distorted body image,Un trouble alimentaire caractérisé par une peur intense de prendre du poids et une image corporelle déformée,Diagnosis,N/A,,,,,
a3607f6d-f1cf-4298-836b-2b7db0d0815b,,,Astigmatism,Astigmatisme,Astigmatism,Astigmatisme,A common vision condition caused by an irregular shape of the cornea or lens,Une condition visuelle courante causée par une forme irrégulière de la cornée ou du cristallin,Diagnosis,N/A,,,,,
5737cd2d-a5c0-4165-b2ad-dc3056a203b3,,,Bell’s Palsy,Paralysie de Bell,Bell’s Palsy,Paralysie de Bell,"A sudden, temporary weakness or paralysis of the facial muscles on one side of the face",Une faiblesse ou paralysie soudaine et temporaire des muscles faciaux d'un côté du visage,Diagnosis,N/A,,,,,
048f4102-a93a-406f-b398-25840450484b,,,Carpal Tunnel Syndrome,Syndrome du canal carpien,Carpal Tunnel Syndrome,Syndrome du canal carpien,"A condition caused by pressure on the median nerve in the wrist, leading to pain and numbness","Une condition causée par une pression sur le nerf médian dans le poignet, entraînant douleur et engourdissement",Diagnosis,N/A,,,,,
38781065-a26f-4cee-bcbe-43d6d94ca999,,,Cholesterol Metabolism Disorder,Trouble du métabolisme du cholestérol,Cholesterol Disorder,Trouble du cholestérol,Disorders affecting the way cholesterol is processed in the body,Troubles affectant la façon dont le cholestérol est traité dans le corps,Diagnosis,N/A,,,,,
2a163d12-664c-49cc-a8f0-af91dacd60ba,,,Chronic Bronchitis,Bronchite chronique,Chronic Bronchitis,Bronchite chronique,A long-term inflammation of the bronchial tubes causing cough and mucus production,Une inflammation prolongée des bronches provoquant une toux et une production de mucus,Diagnosis,N/A,,,,,
4d07ad67-e2c0-41de-b9af-ef4bae280c30,,,Chronic Fatigue Syndrome,Syndrome de fatigue chronique,Chronic Fatigue,Fatigue chronique,A complex disorder characterized by profound fatigue not improved by rest,Un trouble complexe caractérisé par une fatigue profonde non améliorée par le repos,Diagnosis,N/A,,,,,
f6eb8e4b-c8d5-498d-9d4f-713b5a524df5,,,Congenital Heart Defect,Défaut cardiaque congénital,Congenital Heart Defect,Défaut cardiaque congénital,A range of structural heart abnormalities present at birth,Une gamme d'anomalies cardiaques structurelles présentes à la naissance,Diagnosis,N/A,,,,,
96cd278b-8753-4b88-a3f0-c11a8d5a6bfc,,,Congenital Hypothyroidism,Hypothyroïdie congénitale,Congenital Hypothyroidism,Hypothyroïdie congénitale,A condition present at birth where the thyroid gland does not produce enough hormones,Une condition présente à la naissance où la glande thyroïdienne ne produit pas suffisamment d'hormones,Diagnosis,N/A,,,,,
9b828b53-b9a8-454b-821e-d0a9438a80c8,,,Cystitis,Cystite,Cystitis,Cystite,"Inflammation of the bladder, often caused by infection","Inflammation de la vessie, souvent causée par une infection",Diagnosis,N/A,,,,,
76b6351e-2414-4665-85c4-68948ed4edc8,,,Deep Vein Thrombosis (DVT),Thrombose veineuse profonde,DVT,TVP,"A condition where a blood clot forms in a deep vein, usually in the legs","Une condition où un caillot sanguin se forme dans une veine profonde, généralement dans les jambes",Diagnosis,N/A,,,,,
ea91d8ee-52d9-471d-8984-572285a5214d,,,Dermatitis,Dermatite,Dermatitis,Dermatite,"Inflammation of the skin causing redness, itching, and swelling","Inflammation de la peau provoquant rougeur, démangeaisons et gonflement",Diagnosis,N/A,,,,,
e9d91057-b9b6-4965-b851-4d13a16fe9fe,,,Diverticulitis,Diverticulite,Diverticulitis,Diverticulite,Inflammation or infection of small pouches in the digestive tract,Inflammation ou infection de petites poches dans le tractus digestif,Diagnosis,N/A,,,,,
03aa0cb4-4b5d-4e49-9906-12fb1c73f4de,,,Endometriosis,Endométriose,Endometriosis,Endométriose,A disorder where tissue similar to the lining of the uterus grows outside it,Un trouble où un tissu similaire à celui de la paroi de l'utérus se développe à l'extérieur,Diagnosis,N/A,,,,,
c183bd7a-9f86-4e42-904b-59a39c3ed2a2,,,Epilepsy,Épilepsie,Epilepsy,Épilepsie,"A neurological disorder marked by recurrent, unprovoked seizures",Un trouble neurologique marqué par des crises récurrentes et non provoquées,Diagnosis,N/A,,,,,
3383c521-56c6-4012-b2f2-1c40006c6bd5,,,Fibroid Tumors,Fibromes,Fibroid Tumors,Fibromes,Non-cancerous tumors of the uterus that can cause pain and heavy bleeding,Tumeurs non cancéreuses de l'utérus pouvant provoquer douleur et saignements abondants,Diagnosis,N/A,,,,,
0fc91c6a-9680-41fa-8058-bf6bd8e7c5ee,,,Gallbladder Disease,Maladie de la vésicule biliaire,Gallbladder Disease,Maladie de la vésicule biliaire,"Conditions affecting the gallbladder, including gallstones and inflammation","Conditions affectant la vésicule biliaire, y compris les calculs biliaires et l'inflammation",Diagnosis,N/A,,,,,
a5acf8a5-d80d-4d24-8955-6a2b8f7619a8,,,Gastroesophageal Reflux Disease (GERD),Reflux gastro-œsophagien,GERD,RGO,A digestive disorder where stomach acid frequently flows back into the esophagus,Un trouble digestif où l'acide gastrique reflue fréquemment dans l'œsophage,Diagnosis,N/A,,,,,
b80ef26c-1017-411d-9c6d-65c31f1e2abd,,,Glaucoma,Glaucome,Glaucoma,Glaucome,"A group of eye conditions that damage the optic nerve, often associated with high intraocular pressure","Un groupe de conditions oculaires qui endommagent le nerf optique, souvent associé à une pression intraoculaire élevée",Diagnosis,N/A,,,,,
9fecc51b-48d3-4cec-b3a2-7603e7baed88,,,Hemophilia,Hémophilie,Hemophilia,Hémophilie,A genetic disorder that impairs the blood’s ability to clot properly,Un trouble génétique qui altère la capacité du sang à coaguler correctement,Diagnosis,N/A,,,,,
6620cffe-26d0-40c3-9241-6bd78b31f96b,,,Herpes Zoster (Shingles),Zona,Herpes Zoster,Zona,"A viral infection caused by the varicella-zoster virus, causing a painful rash","Une infection virale causée par le virus varicelle-zona, provoquant une éruption cutanée douloureuse",Diagnosis,N/A,,,,,
6e4887ab-29c0-4bd3-8416-0fb43a0f00cd,,,Hyperparathyroidism,Hyperparathyroïdie,Hyperparathyroidism,Hyperparathyroïdie,"An overproduction of parathyroid hormone, leading to high calcium levels in the blood","Une surproduction d'hormone parathyroïdienne, entraînant des niveaux élevés de calcium dans le sang",Diagnosis,N/A,,,,,
066e8f79-d612-4ea1-9f6f-96dd667c393b,,,Hypoparathyroidism,Hypoparathyroïdie,Hypoparathyroidism,Hypoparathyroïdie,"A condition in which the parathyroid glands produce too little hormone, leading to low calcium levels","Une condition où les glandes parathyroïdiennes produisent trop peu d'hormone, entraînant des niveaux faibles de calcium",Diagnosis,N/A,,,,,
f9cb1ff1-397f-4c31-ba71-7fb17979e4dc,,,Idiopathic Pulmonary Fibrosis,Fibrose pulmonaire idiopathique,IPF,FPI,A chronic lung disease that causes scarring of the lung tissue,Une maladie pulmonaire chronique qui provoque la cicatrisation du tissu pulmonaire,Diagnosis,N/A,,,,,
0febad77-ffac-4f44-8ade-3335fc96d839,,,Inflammatory Bowel Disease (IBD),Maladie inflammatoire de l'intestin,IBD,MII,"A group of disorders causing inflammation of the digestive tract, including Crohn's disease and ulcerative colitis","Un groupe de troubles provoquant une inflammation du tractus digestif, y compris la maladie de Crohn et la colite ulcéreuse",Diagnosis,N/A,,,,,
b9a3396d-787b-441f-94fc-ab0b7b00de01,,,Iron Deficiency Anemia,Anémie ferriprive,Iron Deficiency Anemia,Anémie ferriprive,A type of anemia resulting from a lack of iron in the body,Un type d'anémie résultant d'un manque de fer dans le corps,Diagnosis,N/A,,,,,
6e819070-3a41-439a-a40b-a23e1c51e471,,,Joint Dislocation,Luxation articulaire,Joint Dislocation,Luxation articulaire,Displacement of a bone from its normal position in a joint,Déplacement d'un os de sa position normale dans une articulation,Diagnosis,N/A,,,,,
33129c12-c5cd-4d33-a7e9-25594642a0d7,,,Klinefelter Syndrome,Syndrome de Klinefelter,Klinefelter Syndrome,Syndrome de Klinefelter,A genetic condition in males characterized by an extra X chromosome,Une condition génétique chez les hommes caractérisée par un chromosome X supplémentaire,Diagnosis,N/A,,,,,
880150f0-67c0-44cc-ab85-544adbd9abe4,,,Legg-Calvé-Perthes Disease,Maladie de Legg-Calvé-Perthes,Legg-Calvé-Perthes,Maladie de Legg-Calvé-Perthes,A childhood hip disorder where the blood supply to the ball of the thigh bone is temporarily disrupted,Un trouble de la hanche chez l'enfant où l'apport sanguin à la tête du fémur est temporairement perturbé,Diagnosis,N/A,,,,,
42fb061f-a7a5-453f-8146-900682e5640e,,,Lymphoma,Lymphome,Lymphoma,Lymphome,"Cancer of the lymphatic system, including Hodgkin's and non-Hodgkin's lymphoma","Cancer du système lymphatique, y compris le lymphome de Hodgkin et le lymphome non-Hodgkinien",Diagnosis,N/A,,,,,
78e8bf45-beef-491e-936c-11c9fba41d2f,,,Melanoma,Mélanome,Melanoma,Mélanome,"A type of skin cancer that develops from melanocytes, the pigment-producing cells","Un type de cancer de la peau qui se développe à partir des mélanocytes, les cellules productrices de pigment",Diagnosis,N/A,,,,,
238ede61-f9af-48cc-9107-c64bcd806bcb,,,Menstrual Irregularities,Irrégularités menstruelles,Menstrual Irregular,,,,Diagnosis,N/A,,,,,
3ec3d311-8a89-4962-830b-14490c7a66fa,,,Metabolic Syndrome,Syndrome métabolique,Metabolic Syndrome,Syndrome métabolique,"A cluster of conditions increasing the risk of heart disease, stroke, and diabetes","Un ensemble de conditions augmentant le risque de maladies cardiaques, d'accidents vasculaires cérébraux et de diabète",Diagnosis,N/A,,,,,
69f8646f-585c-4935-aa7e-526f0017fa89,,,Myasthenia Gravis,Myasthénie grave,Myasthenia Gravis,Myasthénie grave,An autoimmune disorder leading to weakness of voluntary muscles,Un trouble auto-immun provoquant une faiblesse des muscles volontaires,Diagnosis,N/A,,,,,
3dd9d8fe-584c-43ee-9ae6-0dc2427678b0,,,Narcolepsy,Narcolepsie,Narcolepsy,Narcolepsie,A sleep disorder characterized by excessive daytime sleepiness and sudden sleep attacks,Un trouble du sommeil caractérisé par une somnolence diurne excessive et des attaques de sommeil soudaines,Diagnosis,N/A,,,,,
7d7de54d-1c25-4bbe-9fae-d5373cfce370,,,Non-Hodgkin Lymphoma,Lymphome non-Hodgkinien,Non-Hodgkin Lymphoma,Lymphome non-Hodgkinien,A type of cancer that originates in the lymphatic system and is not classified as Hodgkin lymphoma,Un type de cancer qui prend naissance dans le système lymphatique et n'est pas classé comme lymphome de Hodgkin,Diagnosis,N/A,,,,,
0cab952d-ef57-403a-8ca7-c4ec0f04e593,,,Paget’s Disease of Bone,Maladie de Paget de l'os,Paget’s Disease,Maladie de Paget de l'os,A bone disease that disrupts the normal cycle of bone renewal,Une maladie osseuse qui perturbe le cycle normal de renouvellement osseux,Diagnosis,N/A,,,,,
8a2e962a-28ba-4a01-b027-4b1b72544921,,,Pernicious Anemia,Anémie pernicieuse,Pernicious Anemia,Anémie pernicieuse,A type of anemia caused by the inability to absorb vitamin B12,Un type d'anémie causé par l'incapacité à absorber la vitamine B12,Diagnosis,N/A,,,,,
59c783e2-09b8-400c-834c-f0272b37773a,,,Polycythemia Vera,Polycythémie vera,Polycythemia Vera,Polycythémie vera,A blood cancer characterized by an overproduction of red blood cells,Un cancer du sang caractérisé par une surproduction de globules rouges,Diagnosis,N/A,,,,,
48c16a85-d3e1-4661-901c-0fe81a703159,,,Post-Traumatic Stress Disorder (PTSD),Trouble de stress post-traumatique,PTSD,TSPT,"A mental health condition triggered by a traumatic event, causing flashbacks, nightmares, and severe anxiety","Une condition de santé mentale déclenchée par un événement traumatique, provoquant des flashbacks, des cauchemars et une anxiété sévère",Diagnosis,N/A,,,,,
b139a637-2ddd-4f11-b870-bed803754d4d,,,Rhabdomyolysis,Rhabdomyolyse,Rhabdomyolysis,Rhabdomyolyse,"A serious condition caused by muscle breakdown, leading to the release of muscle contents into the bloodstream","Une condition grave causée par la dégradation musculaire, entraînant la libération de contenus musculaires dans le sang",Diagnosis,N/A,,,,,
54d12a6a-690c-487d-837f-2b3dfa14068e,,,Rosacea,Rosacée,Rosacea,Rosacée,A chronic skin condition causing redness and visible blood vessels on the face,Une condition cutanée chronique provoquant rougeur et vaisseaux sanguins visibles sur le visage,Diagnosis,N/A,,,,,
43afe688-2cd3-49c6-8dea-7d5c1adb6708,,,Scoliosis,Scoliose,Scoliosis,Scoliose,A curvature of the spine that occurs in a sideways direction,Une courbure de la colonne vertébrale qui se produit dans une direction latérale,Diagnosis,N/A,,,,,
0b4a7914-2605-47e8-968d-209ae2de20a6,,,Sjögren’s Syndrome,Syndrome de Sjögren,Sjögren’s Syndrome,Syndrome de Sjögren,An autoimmune disorder that causes dry mouth and dry eyes,Un trouble auto-immun qui provoque une bouche sèche et des yeux secs,Diagnosis,N/A,,,,,
cda714a5-fc96-4beb-a4fe-549577b62bca,,,Temporomandibular Joint Disorder (TMJ),Trouble de l'articulation temporo-mandibulaire,TMJ,ATM,"A condition affecting the jaw joint and surrounding muscles, causing pain and dysfunction","Une condition affectant l'articulation de la mâchoire et les muscles environnants, provoquant douleur et dysfonctionnement",Diagnosis,N/A,,,,,
83477674-3f49-4a97-92d3-33e8ae21de3a,,,Thalassemia,Thalassémie,Thalassemia,Thalassémie,A genetic blood disorder involving less hemoglobin and fewer red blood cells than normal,Un trouble sanguin génétique impliquant moins d'hémoglobine et moins de globules rouges que la normale,Diagnosis,N/A,,,,,
74c06749-dfee-47c6-89fc-8058fcdc1deb,,,Uveitis,Uvéite,Uveitis,Uvéite,"Inflammation of the uvea, the middle layer of the eye, causing redness, pain, and vision problems","Inflammation de l'uvée, la couche intermédiaire de l'œil, provoquant rougeur, douleur et problèmes de vision",Diagnosis,N/A,,,,,
bd216c5c-3c4a-4026-9f19-3e9436285d0f,,,Varicella (Chickenpox),Varicelle,Chickenpox,Varicelle,A highly contagious viral infection causing an itchy rash and flu-like symptoms,Une infection virale hautement contagieuse provoquant une éruption cutanée démangeante et des symptômes grippaux,Diagnosis,N/A,,,,,
5505d375-16f6-4893-987b-c501068132ee,,,Vasculitis,Vasculite,Vasculitis,Vasculite,Inflammation of the blood vessels that can restrict blood flow and damage organs,Inflammation des vaisseaux sanguins qui peut restreindre le flux sanguin et endommager les organes,Diagnosis,N/A,,,,,
fc622aaa-52ac-4f1e-8a35-5c1236b84a80,,,Warts,Verrues,Warts,Verrues,Growths on the skin caused by human papillomavirus (HPV) infection,Croissances sur la peau causées par une infection par le virus du papillome humain (VPH),Diagnosis,N/A,,,,,
f0cd3c07-c3f6-46fa-9f34-3d6a7e9654f7,,,Achalasia,Achalasie,Achalasia,Achalasie,A disorder of the esophagus where it has trouble moving food into the stomach,Un trouble de l'œsophage où il a du mal à faire passer les aliments dans l'estomac,Diagnosis,N/A,,,,,
a784ad32-10c6-42d2-894f-041d4753a30a,,,Anemia of Chronic Disease,Anémie de maladie chronique,Anemia of Chronic Disease,Anémie de maladie chronique,Anemia resulting from chronic illness that causes inflammation,Anémie résultant d'une maladie chronique qui provoque une inflammation,Diagnosis,N/A,,,,,
a87be4cd-1c5d-475d-abb7-161115d6f58b,,,Ankylosing Spondylitis,Spondylarthrite ankylosante,Ankylosing Spondylitis,Spondylarthrite ankylosante,"A type of arthritis affecting the spine, causing fusion of the vertebrae","Un type d'arthrite affectant la colonne vertébrale, provoquant la fusion des vertèbres",Diagnosis,N/A,,,,,
4a765bca-3f9f-4087-9120-0e54009b9b53,,,Autoimmune Hepatitis,Hépatite auto-immune,Autoimmune Hepatitis,Hépatite auto-immune,A liver disease in which the body's immune system attacks liver cells,Une maladie du foie où le système immunitaire attaque les cellules du foie,Diagnosis,N/A,,,,,
70124df0-dd2f-4b10-aa29-ce723f44bdcb,,,Bacterial Vaginosis,Vaginose bactérienne,Bacterial Vaginosis,Vaginosis bactérienne,An imbalance of bacteria in the vagina leading to discharge and odor,Un déséquilibre des bactéries dans le vagin entraînant des pertes et une odeur,Diagnosis,N/A,,,,,
98c13771-0299-454e-a6a3-01b90acca968,,,Brucellosis,Brucellose,Brucellosis,Brucellose,"An infection caused by bacteria from animals, leading to flu-like symptoms","Une infection causée par des bactéries animales, entraînant des symptômes grippaux",Diagnosis,N/A,,,,,
ba9d8c0a-1a9c-4bd9-adde-ccf427b86016,,,Chronic Kidney Disease (CKD),Maladie rénale chronique,Chronic Kidney Disease,Maladie rénale chronique,A long-term condition where the kidneys gradually lose function,Une condition à long terme où les reins perdent progressivement leur fonction,Diagnosis,N/A,,,,,
fc4ae4ff-5dab-4b41-9a71-1f8b1bd17138,,,Colorectal Cancer,Cancer colorectal,Colorectal Cancer,Cancer colorectal,Cancer that starts in the colon or rectum,Cancer qui commence dans le côlon ou le rectum,Diagnosis,N/A,,,,,
b955aef9-b5b5-4fec-86f2-605d94dd63a6,,,Dandy-Walker Malformation,Malformation de Dandy-Walker,Dandy-Walker,Malformation de Dandy-Walker,A brain malformation involving cystic enlargement of the fourth ventricle,Une malformation cérébrale impliquant l'élargissement kystique du quatrième ventricule,Diagnosis,N/A,,,,,
267eabfe-6b7b-4ae3-bb7a-9263de0bfaa3,,,Dengue Fever,Dengue,Dengue Fever,Dengue,A viral illness transmitted by mosquitoes causing high fever and severe pain,Une maladie virale transmise par les moustiques provoquant une forte fièvre et des douleurs sévères,Diagnosis,N/A,,,,,
9ed65797-95e7-4d15-b04d-11741ef8b9a9,,,Ehlers-Danlos Syndrome,Syndrome d'Ehlers-Danlos,Ehlers-Danlos Syndrome,Syndrome d'Ehlers-Danlos,A group of connective tissue disorders leading to hyperelastic skin and joint hypermobility,Un groupe de troubles du tissu conjonctif entraînant une peau hyperélastique et une hypermobilité articulaire,Diagnosis,N/A,,,,,
622cc350-60ba-43b0-881f-3445811d2a61,,,Endocarditis,Endocardite,Endocarditis,Endocardite,Inflammation of the inner lining of the heart chambers and valves,Inflammation de la paroi interne des cavités et des valves cardiaques,Diagnosis,N/A,,,,,
e133d3c3-f31f-4e2b-9ad6-fd6a32c04e27,,,Epidermolysis Bullosa,Epidermolyse bulleuse,Epidermolysis Bullosa,Epidermolyse bulleuse,A group of genetic conditions causing the skin to blister and tear easily,Un groupe de conditions génétiques causant des cloques et des déchirures de la peau facilement,Diagnosis,N/A,,,,,
4255b16f-c72b-4f70-b9db-712324bc5063,,,Essential Tremor,Tremblement essentiel,Essential Tremor,Tremblement essentiel,"A neurological disorder causing rhythmic tremors, often in the hands","Un trouble neurologique provoquant des tremblements rythmiques, souvent dans les mains",Diagnosis,N/A,,,,,
25d3befc-aaa5-4f2e-bf57-a12a0f1d7d3a,,,Familial Hypercholesterolemia,Hypercholestérolémie familiale,Familial Hypercholesterolemia,Hypercholestérolémie familiale,A genetic condition causing high cholesterol levels in the blood,Une condition génétique provoquant des niveaux élevés de cholestérol dans le sang,Diagnosis,N/A,,,,,
dd73b39f-c4ac-495d-9f15-3fb5d77ff0cd,,,Giant Cell Arteritis,Artérite à cellules géantes,Giant Cell Arteritis,Artérite à cellules géantes,"An inflammation of the arteries, typically affecting the head and neck","Une inflammation des artères, affectant généralement la tête et le cou",Diagnosis,N/A,,,,,
61977920-7221-44b3-a0cc-e8c99a0b8be1,,,Hemochromatosis,Hémochromatose,Hemochromatosis,Hémochromatose,"A condition where excess iron builds up in the body, damaging organs","Une condition où un excès de fer s'accumule dans le corps, endommageant les organes",Diagnosis,N/A,,,,,
73453b50-5481-415e-910c-e7c2c0af21ef,,,Hereditary Angioedema,Angio-œdème héréditaire,Hereditary Angioedema,Angio-œdème héréditaire,A genetic disorder causing recurrent episodes of severe swelling,Un trouble génétique provoquant des épisodes récurrents de gonflement sévère,Diagnosis,N/A,,,,,
a582e6a2-d874-403c-a769-f0b1960534d4,,,Hirschsprung's Disease,Maladie de Hirschsprung,Hirschsprung's Disease,Maladie de Hirschsprung,"A congenital condition affecting the large intestine, causing bowel obstruction","Une condition congénitale affectant le gros intestin, provoquant une obstruction intestinale",Diagnosis,N/A,,,,,
37f0725b-2e72-42cf-b92c-a6c5149fc9d4,,,Hypoglycemia,Hypoglycémie,Hypoglycemia,Hypoglycémie,A condition characterized by abnormally low blood sugar levels,Une condition caractérisée par des niveaux anormalement bas de sucre dans le sang,Diagnosis,N/A,,,,,
3c7b22d2-f733-40d5-ba82-c586be801c43,,,Insulinoma,Insulinome,Insulinoma,Insulinome,A rare tumor of the pancreas that produces excess insulin,Une tumeur rare du pancréas qui produit un excès d'insuline,Diagnosis,N/A,,,,,
bf553f48-5298-41d4-af57-3a3081383809,,,Interstitial Cystitis,Cystite interstitielle,Interstitial Cystitis,Cystite interstitielle,A chronic bladder condition causing pelvic pain and frequent urination,Une condition chronique de la vessie provoquant une douleur pelvienne et une miction fréquente,Diagnosis,N/A,,,,,
964964dc-0b5e-452e-b94a-4c7363e29ba7,,,Jaundice,Jaunisse,Jaundice,Jaunisse,A condition characterized by yellowing of the skin and eyes due to excess bilirubin,Une condition caractérisée par un jaunissement de la peau et des yeux dû à un excès de bilirubine,Diagnosis,N/A,,,,,
45c77e1b-f62a-4d75-8371-a7e8b77e98d4,,,Lichen Planus,Lichen plan,Lichen Planus,Lichen plan,"A skin condition causing purplish, itchy, flat bumps","Une condition cutanée provoquant des bosses plates, prurigineuses et violettes",Diagnosis,N/A,,,,,
9f563241-35ea-4c78-946e-652ae16dccda,,,Mumps,Oreillons,Mumps,Oreillons,A viral infection causing swelling of the salivary glands,Une infection virale provoquant un gonflement des glandes salivaires,Diagnosis,N/A,,,,,
5fb17c3a-eb31-433b-b0f8-6017ca568765,,,Neurofibromatosis,Neurofibromatose,Neurofibromatosis,Neurofibromatose,A genetic disorder causing tumors to grow on nerves,Un trouble génétique provoquant la croissance de tumeurs sur les nerfs,Diagnosis,N/A,,,,,
9198b9d7-9b8a-4217-af8f-1671a955dc62,,,Ovarian Cyst,Kyste ovarien,Ovarian Cyst,Kyste ovarien,A fluid-filled sac on the ovary that can cause pain or irregular menstruation,Un sac rempli de liquide sur l'ovaire pouvant provoquer de la douleur ou des menstruations irrégulières,Diagnosis,N/A,,,,,
b26a679f-3d10-4f14-bf65-28d24c1ca292,,,Panic Disorder,Trouble panique,Panic Disorder,Trouble panique,An anxiety disorder characterized by recurrent and unexpected panic attacks,Un trouble anxieux caractérisé par des attaques de panique récurrentes et inattendues,Diagnosis,N/A,,,,,
cb1ffbc4-3f51-4f81-abc3-9d1648cbbe9a,,,Pituitary Adenoma,Adénome hypophysaire,Pituitary Adenoma,Adénome hypophysaire,A benign tumor of the pituitary gland that can affect hormone levels,Une tumeur bénigne de la glande pituitaire pouvant affecter les niveaux hormonaux,Diagnosis,N/A,,,,,
279cec02-1d76-403a-97c4-22f2302dd64c,,,Polyarteritis Nodosa,Polyarthrite noueuse,Polyarteritis Nodosa,Polyarthrite noueuse,A rare disease causing inflammation of medium-sized arteries,Une maladie rare causant une inflammation des artères de taille moyenne,Diagnosis,N/A,,,,,
3136d7d1-3132-4adf-92e7-45cc3257348e,,,Postural Orthostatic Tachycardia Syndrome (POTS),Syndrome de tachycardie orthostatique posturale,POTS,TSO,A condition characterized by a rapid heart rate when standing up from a sitting or lying position,Une condition caractérisée par une fréquence cardiaque rapide en se levant d'une position assise ou couchée,Diagnosis,N/A,,,,,
51bc505a-481f-4952-82ce-8bc980e770d4,,,Pre-eclampsia,Prééclampsie,Pre-eclampsia,Prééclampsie,A pregnancy complication characterized by high blood pressure and signs of damage to other organs,Une complication de la grossesse caractérisée par une pression artérielle élevée et des signes de dommages à d'autres organes,Diagnosis,N/A,,,,,
d3054830-d9ad-4507-95a5-032b71b07112,,,Restless Legs Syndrome (RLS),Syndrome des jambes sans repos,Restless Legs Syndrome,Syndrome des jambes sans repos,A condition causing uncomfortable sensations in the legs and an uncontrollable urge to move them,Une condition provoquant des sensations inconfortables dans les jambes et un besoin incontrôlable de les bouger,Diagnosis,N/A,,,,,
20ff1e9d-f41b-4794-8bf2-050258eb84bf,,,Sepsis,Sepsie,Sepsis,Sepsie,A life-threatening condition resulting from the body's response to infection,Une condition potentiellement mortelle résultant de la réponse du corps à une infection,Diagnosis,N/A,,,,,
7045ef0e-ba13-4f82-8301-82f2ebc9400a,,,Spina Bifida,Spina bifida,Spina Bifida,Spina bifida,A birth defect where the spine and spinal cord don't form properly,Un défaut de naissance où la colonne vertébrale et la moelle épinière ne se forment pas correctement,Diagnosis,N/A,,,,,
32fff5f9-8c4d-408e-aa6e-6b92619099cc,,,Systemic Sclerosis,Sclérose systémique,Systemic Sclerosis,Sclérose systémique,A chronic autoimmune disease affecting the skin and internal organs with widespread fibrosis,Une maladie auto-immun chronique affectant la peau et les organes internes avec une fibrose étendue,Diagnosis,N/A,,,,,
e5850568-9d0b-4d09-8340-8a9bba9acc70,,,Tetanus,Tétanos,Tetanus,Tétanos,"A serious bacterial infection affecting the nervous system, causing muscle stiffness and spasms","Une infection bactérienne grave affectant le système nerveux, provoquant une rigidité et des spasmes musculaires",Diagnosis,N/A,,,,,
75689a96-77fc-4df3-8e3a-86ebb0a8d4cc,,,Thrombocytopenia,Thrombocytopénie,Thrombocytopenia,Thrombocytopénie,A condition characterized by abnormally low levels of platelets in the blood,Une condition caractérisée par des niveaux anormalement bas de plaquettes dans le sang,Diagnosis,N/A,,,,,
c6a08cd6-5369-4406-815d-0d66d813a0ca,,,Tinnitus,Acouphènes,Tinnitus,Acouphènes,The perception of ringing or other noises in the ears without an external sound source,La perception de bourdonnements ou,Diagnosis,N/A,,,,,
88d32280-4391-4646-964b-8c2a1cb5f438,,,Toxoplasmosis,Toxoplasmose,Toxoplasmosis,Toxoplasmose,"A parasitic infection that can affect various organs, commonly spread through cat feces","Une infection parasitaire qui peut affecter divers organes, souvent transmise par les excréments de chat",Diagnosis,N/A,,,,,
885fcced-16a5-4879-8eb8-69c87e2c9dda,,,Turner Syndrome,Syndrome de Turner,Turner Syndrome,Syndrome de Turner,A genetic disorder in females caused by the absence of one X chromosome,Un trouble génétique chez les femmes causé par l'absence d'un chromosome X,Diagnosis,N/A,,,,,
96bd5772-5590-47b2-8da8-72e88d7403d3,,,Pheochromocytoma,Phéochromocytome,Pheochromocytoma,Phéochromocytome,"A rare tumor of the adrenal gland that produces excess hormones, leading to high blood pressure","Une tumeur rare de la glande surrénale qui produit des hormones en excès, entraînant une pression artérielle élevée",Diagnosis,N/A,,,,,
e2171931-9c64-4341-81a9-c3597116c30c,,,Renal Artery Stenosis,Sténose de l'artère rénale,Renal Artery Stenosis,Sténose de l'artère rénale,"Narrowing of the renal artery, which can reduce blood flow to the kidney","Rétrécissement de l'artère rénale, ce qui peut réduire le flux sanguin vers le rein",Diagnosis,N/A,,,,,
fa09f8b2-c490-4e77-91b0-1a536a96d925,,,Seasonal Affective Disorder (SAD),Trouble affectif saisonnier,Seasonal Affective Disorder,Trouble affectif saisonnier,"A type of depression related to changes in seasons, typically occurring in winter","Un type de dépression liée aux changements de saison, se manifestant généralement en hiver",Diagnosis,N/A,,,,,
ff25ad35-8bec-41ee-a8f7-17cf7f6a40b1,,,Sickle Cell Disease,Drépanocytose,Sickle Cell Disease,Drépanocytose,A genetic disorder causing red blood cells to become misshapen and break down prematurely,Un trouble génétique provoquant des globules rouges déformés qui se décomposent prématurément,Diagnosis,N/A,,,,,
9844d84e-344a-44d6-8d73-b66162b310d1,,,Spinal Cord Injury,Lésion de la moelle épinière,Spinal Cord Injury,Lésion de la moelle épinière,Damage to the spinal cord resulting in loss of function or sensation below the injury site,Dommages à la moelle épinière entraînant une perte de fonction ou de sensation sous le site de la blessure,Diagnosis,N/A,,,,,
dc5ab0b2-dbd4-4600-b2ac-6523a3dcf3bd,,,Systemic Hypertension,Hypertension systémique,Systemic Hypertension,Hypertension systémique,High blood pressure affecting the entire cardiovascular system,Hypertension artérielle affectant l'ensemble du système cardiovasculaire,Diagnosis,N/A,,,,,
b5897188-944b-4b53-acce-d1a725828492,,,Temporal Arteritis,Artérite temporale,Temporal Arteritis,Artérite temporale,"Inflammation of the temporal arteries, which can lead to headaches and vision problems","Inflammation des artères temporales, ce qui peut entraîner des maux de tête et des problèmes de vision",Diagnosis,N/A,,,,,
a8448152-5fa5-4aaf-932d-1ff6847a5ae3,,,Trigeminal Neuralgia,Névralgie du trijumeau,Trigeminal Neuralgia,Névralgie du trijumeau,A chronic pain condition affecting the trigeminal nerve in the face,Une condition douloureuse chronique affectant le nerf trijumeau du visage,Diagnosis,N/A,,,,,
755e3546-75b4-42bc-b717-17f0cc938dbd,,,Tuberculosis Meningitis,Méningite tuberculeuse,Tuberculosis Meningitis,Méningite tuberculeuse,An infection of the meninges (protective membranes covering the brain) caused by tuberculosis,Une infection des méninges (membranes protectrices couvrant le cerveau) causée par la tuberculose,Diagnosis,N/A,,,,,
6f5d98f1-18a1-4752-acb6-2ec8f173963f,,,Viral Hepatitis,Hépatite virale,Viral Hepatitis,Hépatite virale,Inflammation of the liver caused by a viral infection,Inflammation du foie causée par une infection virale,Diagnosis,N/A,,,,,
e215ba41-024f-495a-9948-c70f83b0f8fc,,,Vitiligo,Vitiligo,Vitiligo,Vitiligo,A long-term skin condition causing patches of skin to lose their pigment,Une condition cutanée de longue durée provoquant des zones de peau sans pigment,Diagnosis,N/A,,,,,
f2f76665-bc1b-4b55-b379-5e26a29ba965,,,Von Willebrand Disease,Maladie de von Willebrand,Von Willebrand Disease,Maladie de von Willebrand,A bleeding disorder caused by a deficiency or dysfunction of a clotting protein,Un trouble de la coagulation causé par une déficience ou une dysfonction d'une protéine de coagulation,Diagnosis,N/A,,,,,
38320cf6-c7b5-43d7-a964-e94c6cac16a9,,,West Nile Virus Infection,Infection par le virus du Nil occidental,West Nile Virus Infection,Infection par le virus du Nil occidental,"A viral infection transmitted by mosquitoes that can cause flu-like symptoms and, in severe cases, neurological issues","Une infection virale transmise par les moustiques pouvant provoquer des symptômes grippaux et, dans les cas graves, des problèmes neurologiques",Diagnosis,N/A,,,,,
426ac6ac-41d6-4cee-87ff-a57bb4859503,,,Acute Lymphoblastic Leukemia (ALL),Leucémie lymphoblastique aiguë,Acute Lymphoblastic Leukemia,Leucémie lymphoblastique aiguë,"A type of cancer that affects the blood and bone marrow, characterized by the overproduction of immature white blood cells","Un type de cancer affectant le sang et la moelle osseuse, caractérisé par la surproduction de globules blancs immatures",Diagnosis,N/A,,,,,
39554678-470f-4b82-98eb-0c47e69a34d5,,,Acute Myeloid Leukemia (AML),Leucémie myéloïde aiguë,Acute Myeloid Leukemia,Leucémie myéloïde aiguë,"A type of cancer affecting the blood and bone marrow, characterized by the rapid growth of abnormal myeloid cells","Un type de cancer affectant le sang et la moelle osseuse, caractérisé par la croissance rapide de cellules myéloïdes anormales",Diagnosis,N/A,,,,,
fe2dcb99-0d76-4674-ad72-fb7dcf819d1f,,,Adenoid Cystic Carcinoma,Carcinome adénoïde kystique,Adenoid Cystic Carcinoma,Carcinome adénoïde kystique,A rare cancer that primarily affects the salivary glands,Un cancer rare affectant principalement les glandes salivaires,Diagnosis,N/A,,,,,
56faf220-fb8b-4d21-86be-d9380533cb3f,,,Aortic Dissection,Dissection de l'aorte,Aortic Dissection,Dissection de l'aorte,"A serious condition where there is a tear in the inner layer of the aorta, leading to blood flow between the layers of the artery","Une condition grave où il y a une déchirure dans la couche interne de l'aorte, entraînant un flux sanguin entre les couches de l'artère",Diagnosis,N/A,,,,,
52146364-54de-43f0-9d9e-10dd3fc99c19,,,Asperger Syndrome,Syndrome d'Asperger,Asperger Syndrome,Syndrome d'Asperger,A developmental disorder on the autism spectrum characterized by difficulties in social interaction and nonverbal communication,Un trouble du développement sur le spectre de l'autisme caractérisé par des difficultés d'interaction sociale et de communication non verbale,Diagnosis,N/A,,,,,
96920a89-b7e5-4ecb-a4b7-9e8d1fd6284c,,,Biliary Atresia,Atrésie des voies biliaires,Biliary Atresia,Atrésie des voies biliaires,A rare liver disease in newborns where the bile ducts are blocked or absent,Une maladie hépatique rare chez les nouveau-nés où les conduits biliaires sont bloqués ou absents,Diagnosis,N/A,,,,,
45d66b3d-57da-4c47-a126-eb6c34ef6394,,,Borderline Personality Disorder (BPD),Trouble de la personnalité borderline,Borderline Personality Disorder,Trouble de la personnalité borderline,"A mental health disorder characterized by unstable moods, behavior, and relationships","Un trouble de santé mentale caractérisé par des humeurs, des comportements et des relations instables",Diagnosis,N/A,,,,,
7c5751d1-e89c-47eb-bdb4-62ecf50f4695,,,Bronchiectasis,Bronchiectasie,Bronchiectasis,Bronchiectasie,"A condition where the bronchial tubes become damaged and widened, leading to mucus buildup","Une condition où les bronches deviennent endommagées et élargies, entraînant une accumulation de mucus",Diagnosis,N/A,,,,,
e73c106d-6e8b-4b87-9015-8bdb15ee7943,,,Chagas Disease,Maladie de Chagas,Chagas Disease,Maladie de Chagas,"A parasitic infection caused by Trypanosoma cruzi, transmitted by triatomine bugs","Une infection parasitaire causée par Trypanosoma cruzi, transmise par des punaises triatomines",Diagnosis,N/A,,,,,