Uuid,Concept Drug,Concept Dosage Form,Strength,Name,Name:fr
a80e1ed3-9871-44cc-8b54-3da473505ffc,e5b3b481-bc93-41c5-9f0b-183ea19c1b09,bf712910-1c7f-4e72-9d50-6eb5453efcfd,125ml,Ababacter 125ml,Ababacter 125ml
8e64d9a4-f814-43c9-a8e7-9ffce54f219b,0dc279bf-5ea3-4f48-a9fd-e8aff07a269e,391d2a1b-2aec-4bd7-b43b-e294e7f2b9b9,100mg,AC Fenac 100mg Tablet,AC Fenac Comprimé 100mg
7fca28e6-2e0c-4a6d-8843-c2649b62e506,1c7bf377-af30-42fd-b57e-821d3cc326b5,391d2a1b-2aec-4bd7-b43b-e294e7f2b9b9,100mg,Aceclofenac 100mg Tablet,Aceclofenac Comprimé 100mg
59b159f1-2d27-4fbc-9a66-811c97859e39,1c7bf377-af30-42fd-b57e-821d3cc326b5,391d2a1b-2aec-4bd7-b43b-e294e7f2b9b9,100mg,Aceclofenac Tablet,Aceclofenac Comprimé
1b236044-7df7-488c-958d-b83b642a24e7,1c7bf377-af30-42fd-b57e-821d3cc326b5,391d2a1b-2aec-4bd7-b43b-e294e7f2b9b9,100mg,Acefen 100mg Tablet,Acefen Comprimé 100mg
fc8c6bc1-4dc3-406b-92bb-d0d1f34c18eb,a88a967b-923b-4e57-b3a3-e6cc4915319c,c4b6c7b7-4906-4f76-af51-60ec9a34932e,,Adhesive Tape,Ruban adhésif
181e5888-94c1-466d-b49c-ab38e06d0927,868d8c6b-a557-4fac-8a77-c1bd2ca17e26,bf712910-1c7f-4e72-9d50-6eb5453efcfd,1mg/ml,Adrenaline Injection 1mg/ml,Adrénaline Injection 1mg/ml
aa2cc0d6-2c0e-401b-9d77-f68771061a3d,6b99197e-6856-4483-af85-eb8e47976908,bf712910-1c7f-4e72-9d50-6eb5453efcfd,2.5mg/5ml,Aerius Syrup 2.5mg/5ml 60ml,Aerius Sirop 2.5mg/5ml 60ml
df92def0-857f-4b6e-ae3f-e20ab0cf5298,6b99197e-6856-4483-af85-eb8e47976908,391d2a1b-2aec-4bd7-b43b-e294e7f2b9b9,,Aerius Tablet,Aerius Comprimé
0bd56b8a-d8f6-4adf-bd66-d5e28450b715,5f812f33-2e82-4dd2-92f6-55d81d1e5ffd,391d2a1b-2aec-4bd7-b43b-e294e7f2b9b9,400mg,Albendazole 400mg Tablet,Albendazole Comprimé 400mg
c6a2b60d-5f85-4431-95c5-8597d8b17dd8,5f812f33-2e82-4dd2-92f6-55d81d1e5ffd,bf712910-1c7f-4e72-9d50-6eb5453efcfd,200mg/5ml,Albendazole Suspension 200mg/5ml 10ml,Albendazole Suspension 200mg/5ml 10ml
0449d16a-23d2-4827-923e-5f1c43106153,07646223-9074-4487-b53e-9d4938c6b2d7,72262ed3-d3e2-4c94-b4d6-567934107481,6.54%/3.46%,Algesal Balm 6.54%/3.46% Tube 40g,"Algesal Baume 6,54%/3,46% Tube 40g"
e9d0579d-65b5-4214-8dd0-757b2cf76153,07646223-9074-4487-b53e-9d4938c6b2d7,72262ed3-d3e2-4c94-b4d6-567934107481,6.54%/3.46%/1%,Algesal Suractive 6.54%/3.46%/1% Tube 40g,"Algesal Suractive 6,54 %/3,46 %/1 % Tube 40g"
8a65d9d5-f488-42cc-a46a-f8f4d47a114e,cd49fcf4-7d66-4558-8f23-31d3cc253443,391d2a1b-2aec-4bd7-b43b-e294e7f2b9b9,100mg,Aminophylline 100mg Tablet,Aminophylline Comprimé 100mg
607e7ab9-15ff-4419-bc14-0d33a12233c4,cd49fcf4-7d66-4558-8f23-31d3cc253443,bf712910-1c7f-4e72-9d50-6eb5453efcfd,250mg/10ml,Aminophylline Injection 250mg/10ml,Aminophylline Injection 250mg/10ml
67900371-599c-42e7-953d-c553d996eaeb,98dd04de-4fe1-44b1-80b0-bfacdd5feb17,391d2a1b-2aec-4bd7-b43b-e294e7f2b9b9,250mg,Aminosidine 250mg Tablet,Aminosidine Comprimé 250mg
e3a6020f-5693-464e-941c-0d13e8ab6ed5,58239a4c-955c-4f77-832b-586d84ca5ab1,bf712910-1c7f-4e72-9d50-6eb5453efcfd,125mg/5ml,Amoxicillin 125mg/5ml Suspension 60ml,Amoxicillin Suspension 125mg/5ml 60ml
072054ee-b1d3-433b-9808-b4a29f482e63,58239a4c-955c-4f77-832b-586d84ca5ab1,bf712910-1c7f-4e72-9d50-6eb5453efcfd,125mg/5ml,Amoxicillin 125mg/5ml Syrup 60ml,Amoxicillin 125mg/5ml Sirop 60ml
4165a730-89e3-47bb-a3e2-ba523771dce0,58239a4c-955c-4f77-832b-586d84ca5ab1,bf712910-1c7f-4e72-9d50-6eb5453efcfd,250mg/5ml,Amoxicillin 250mg/5ml Syrup 80ml,Amoxicillin Sirop 250mg/5ml 80ml
25ef1ac8-f926-4ff8-af12-d4317b06f9b7,58239a4c-955c-4f77-832b-586d84ca5ab1,94b2f0e7-0885-430f-8733-e2a93f03095d,500mg,Amoxicillin 500mg Capsule,Amoxicilline Capsule 500mg
5a45d516-4cf9-4393-9c41-d659084ca491,58239a4c-955c-4f77-832b-586d84ca5ab1,bf712910-1c7f-4e72-9d50-6eb5453efcfd,250mg/5ml,Amoxicillin Suspension 250mg/5ml 100ml,Amoxicillin Suspension 250mg/5ml 100ml
da3140b7-0e61-4782-b732-1e73940ffec0,58239a4c-955c-4f77-832b-586d84ca5ab1,bf712910-1c7f-4e72-9d50-6eb5453efcfd,250mg/5ml,Amoxicillin Suspension 250mg/5ml 60ml,Amoxicillin Suspension 250mg/5ml 60ml
1f0c7f1f-cb74-440d-8ebf-d0b82328cb83,954b6428-e394-465b-9b09-3fa324cd0206,bf712910-1c7f-4e72-9d50-6eb5453efcfd,125mg/5ml,Amoxicillin/Flucloxacillin 125mg Suspension 100ml,Amoxicillin/Flucloxacillin Suspension 125mg 100ml
ffeaf200-5288-41c6-9754-e0e310d83273,954b6428-e394-465b-9b09-3fa324cd0206,94b2f0e7-0885-430f-8733-e2a93f03095d,250mg,Amoxicillin/Flucloxacillin 250mg Capsule,Amoxicillin/Flucloxacillin 250mg Capsule
c0b992fd-cc53-4b51-a77f-7908634b5d12,4accf0d9-7e53-447f-ae98-2b7f250086c7,d4c0ebf9-7a3b-42c0-bbf0-2599efbb2965,1g/200mg,Amoxicillin+Clavulanic Acid 1g/200mg Injection,Amoxicillin+Acide Clavulanique 1g/200mg Injection
54f24ddc-2a49-49bf-931e-f437ba1507e1,4accf0d9-7e53-447f-ae98-2b7f250086c7,391d2a1b-2aec-4bd7-b43b-e294e7f2b9b9,500/62.5mg,Amoxicillin+Clavulanic Acid 500/62.5mg Tablet,Amoxicillin+Clavulanic Acid 500/62.5mg Comprimé
f0dd0479-814d-4b0d-aa61-bfdb8f9dc2aa,cd806dee-5bad-4eb2-a7ba-6356224b7a11,c2beca4d-0e35-4989-8e9d-54134982bb37,1g,Ampicillin 1g Injection,Ampicilline Injection 1g
af2cd1c2-ab22-406a-bf27-c809274880c0,2e744660-8547-43a6-ae8c-e51457b8dca8,2befd840-e135-4fc9-bb9d-acdcce088f19,,Anginovag Spray 10ml,Anginovag Spray 10ml
82196c49-9989-4e57-99c1-022e0401b796,cbbdacbb-9535-48fb-91ee-0b6ce5355230,bf712910-1c7f-4e72-9d50-6eb5453efcfd,2/4/100/1mg/5ml,Ascoril Syrup 2/4/100/1mg/5ml 100ml,Ascoril Sirop 2/4/100/1mg/5ml 100ml
245628ce-af36-40b9-bcef-7555e5b3e627,991577b5-4166-4411-b2d8-82b173e3f859,94b2f0e7-0885-430f-8733-e2a93f03095d,500mg,Astaph 500mg Capsule,Astaph Capsule 500mg
5d9220a1-65d8-4b6f-be9e-7d373810dafe,82042c83-2b75-4d94-a747-9fb6d21e2d3c,391d2a1b-2aec-4bd7-b43b-e294e7f2b9b9,100mg,Ataktan 100mg Tablet,Ataktan Comprimé 100mg
79eb9372-bf42-4150-a91c-d6e82b1a97a0,ba7389ef-27d5-4223-904f-5e800da19a87,391d2a1b-2aec-4bd7-b43b-e294e7f2b9b9,100mg,Atarax 100mg Tablet,Atarax Comprimé 100mg
e012215b-6498-42c5-b70b-59d7efd2e61f,ba7389ef-27d5-4223-904f-5e800da19a87,391d2a1b-2aec-4bd7-b43b-e294e7f2b9b9,25mg,Atarax 25mg Tablet,Atarax Comprimé 25mg
29349546-a004-43b0-a20c-6f23748481ac,ba7389ef-27d5-4223-904f-5e800da19a87,391d2a1b-2aec-4bd7-b43b-e294e7f2b9b9,50mg,Atarax 50mg Tablet,Atarax Comprimé 50mg
b0530ffb-abff-4a93-9455-38a6e40e0a94,86532204-2c05-41ac-a367-8a97b4c717f5,94b2f0e7-0885-430f-8733-e2a93f03095d,500mg,Azithromycin 500mg Capsule,Azithromycin Capsule 500mg
a1113e6c-13c4-4fe0-ae01-9ffe57805805,86532204-2c05-41ac-a367-8a97b4c717f5,bf712910-1c7f-4e72-9d50-6eb5453efcfd,200mg/5ml,Azithromycin Suspension 200mg/5ml 15ml,Azithromycine Suspension 200mg/5ml 15ml
f74820f2-ed9d-461f-8f68-9cf173637121,a88a967b-923b-4e57-b3a3-e6cc4915319c,c4b6c7b7-4906-4f76-af51-60ec9a34932e,,Bande Ombilicale Somos BB 6cmx2m,Bande Ombilicale Somos BB 6cmx2m
fc31500c-117d-4d85-bad3-b7e2214ecb3b,a88a967b-923b-4e57-b3a3-e6cc4915319c,c4b6c7b7-4906-4f76-af51-60ec9a34932e,,Bande Velpeau 15cmx4m,Bande Velpeau 15cmx4m
67920b61-0852-42ff-80d5-3aea13dc2a41,5b92f34f-518d-44f2-9b66-e2e5df9a2ede,bf712910-1c7f-4e72-9d50-6eb5453efcfd,0.25%,Benzyl Benzoate Solution 0.25% 100ml,Benzyl Benzoate Solution 0.25% 100ml
4246fe2c-6214-4095-b588-380471d62068,f0d103c9-dbc8-4706-994d-fba31d207e8d,391d2a1b-2aec-4bd7-b43b-e294e7f2b9b9,10mg,Betrozole 10mg Tablet,Betrozole Comprimé 10mg
f275b7ef-42cd-4be8-8269-05ed96ace01e,f0d103c9-dbc8-4706-994d-fba31d207e8d,391d2a1b-2aec-4bd7-b43b-e294e7f2b9b9,30mg,Betrozole 30mg Tablet,Betrozole Comprimé 30mg
4780febd-a516-424a-b5a6-8477482261f7,f0d103c9-dbc8-4706-994d-fba31d207e8d,2befd840-e135-4fc9-bb9d-acdcce088f19,,Betrozole Spray 100ml,Betrozole Spray 100ml
eac394c4-9c20-4620-86fc-73c5fac60b2c,51d3d220-b2f5-4321-95f2-34207d0b112b,391d2a1b-2aec-4bd7-b43b-e294e7f2b9b9,100mg,Bi-Profenid LP 100mg Tablet,Bi-Profenid LP Comprimé 100mg
997b1d6c-8fac-4d10-b190-1fd81da07ef4,797d91d4-b3a8-4ef2-9d9b-cc1b5b6b0425,c4b6c7b7-4906-4f76-af51-60ec9a34932e,,Bistouri,Bistouri
362e76bc-bb0e-4fc8-9b14-6938e04fbd4a,65276173-7e2b-4b6f-a47e-5fe8cddfb90e,bf712910-1c7f-4e72-9d50-6eb5453efcfd,4mg/5ml,Bromhexine Syrup 4mg/5ml 100ml,Bromhexine Sirop 4mg/5ml 100ml
cb3f13b3-4c69-4462-b3b9-07690ae7ce86,829d575e-78f2-43b5-bdb6-11a6a3829f07,bf712910-1c7f-4e72-9d50-6eb5453efcfd,0.05%,Bronchathiol Syrup 0.05% 150ml,Bronchathiol Sirop 0.05% 150ml
07abede2-40db-48fd-9e5e-5303bde643b6,ae999966-db86-46cd-ad74-5ee26d155057,391d2a1b-2aec-4bd7-b43b-e294e7f2b9b9,400mg,Brufen 400mg Tablet,Brufen Comprimé 400mg
f094ec32-bd7d-4b0a-958b-73106ecccd6e,56a9c255-3c6f-4ed4-9831-48b85ecca659,391d2a1b-2aec-4bd7-b43b-e294e7f2b9b9,,Calcium + Vitamin D3 Tablet,Comprimé de Calcium + Vitamine D3
b3d086dc-2bdd-4fad-b0b3-c58e96beb123,afc99408-b4fc-44f0-8b0b-8a2068c246f9,391d2a1b-2aec-4bd7-b43b-e294e7f2b9b9,500mg,Calcium 500mg Tablet,Calcium Comprimé 500mg
786bee02-faf2-4041-9601-9f3a8b975651,6a175503-c1a3-4147-9b14-753905b11701,391d2a1b-2aec-4bd7-b43b-e294e7f2b9b9,200mg,Candid V3 Vaginal Tablet 200mg,Candid V3 Comprimé vaginal 200mg
5280a8e6-13d2-4ff9-a68d-69fd64d287ad,6a175503-c1a3-4147-9b14-753905b11701,391d2a1b-2aec-4bd7-b43b-e294e7f2b9b9,100mg,Candid V6 Vaginal Tablet 100mg,Candid V6 Comprimé vaginal 100mg
f493d452-7b05-4934-ae81-835a1ce5c104,6a175503-c1a3-4147-9b14-753905b11701,72262ed3-d3e2-4c94-b4d6-567934107481,,Candiderm Cream 15g,Candiderm Crème 15g
0ff4bd85-b243-472d-a35b-13e33fc62219,aa796387-09f3-4259-9d7c-e92260d1adc6,391d2a1b-2aec-4bd7-b43b-e294e7f2b9b9,25mg,Captopril 25mg Tablet,Captopril Comprimé 25mg
e0e99b84-e4e0-4e02-aea0-3cb4b8410c99,c6b5ba2f-950d-48bf-9283-f220106b1f35,391d2a1b-2aec-4bd7-b43b-e294e7f2b9b9,400mg,Carbamazepine 400mg Tablet,Carbamazepine Comprimé 400mg
8dadaa53-bc90-4b0e-8967-a850599c7f37,ad3d8401-17ce-44dc-b4bd-eae05b383072,11ae7979-7bb6-49c7-9715-9adacc1b4005,0.50%,Carbasol Eye Drops 0.5% 10ml,Carbasol Gouttes Oculaires 0.5% 10ml
6fd05b9d-3a0e-4cf0-91c8-aa94dbbdac10,2868eb88-927e-4913-82eb-e0002dd7ea55,391d2a1b-2aec-4bd7-b43b-e294e7f2b9b9,50mg/25mg,Cardiurine 50mg/25mg Tablet,Cardiurine Comprimé 50mg/25mg
87ab3604-95f3-47fd-9c2e-c12bb64c4b77,31b1acf5-bdc2-460d-ac0b-be487f38ac6d,bf712910-1c7f-4e72-9d50-6eb5453efcfd,0.15mg/ml,Catapressan Injection 0.15mg/ml,"Catapressan Injection 0,15mg/ml"
ca317da9-d60c-4c99-84be-ce8bf9c9e4a0,6cdabefc-932f-4c30-9203-31750bb10dfa,c4b6c7b7-4906-4f76-af51-60ec9a34932e,G18,Catheter G18,Cathéter G18
5cbd3265-647a-405d-b604-3f01abac28ae,6cdabefc-932f-4c30-9203-31750bb10dfa,c4b6c7b7-4906-4f76-af51-60ec9a34932e,G24,Catheter G24,Cathéter G24
15a8e9d8-bf44-4e33-b3bc-f112d387998c,313a1423-8f0c-4a46-8d7b-4954d14ff87b,391d2a1b-2aec-4bd7-b43b-e294e7f2b9b9,200mg,Cefixime 200mg Tablet,Cefixime Comprimé 200mg
789f3f90-5529-409d-b6aa-3841c823f3d9,803057f6-047f-46c0-8676-a6cf6a5dc9d6,c2beca4d-0e35-4989-8e9d-54134982bb37,1g,Cefotaxime 1g Injection,Cefotaxime 1g Injection
9f5ffce1-a0cd-421b-b3bf-9e3c156fc9ff,4691ac4b-e64a-4f23-b91d-5b75d80d1f0f,391d2a1b-2aec-4bd7-b43b-e294e7f2b9b9,0.5mg,Celestene 0.5mg Tablet,"Celestene Comprimé 0,5mg"
abeef200-a906-4528-b2b3-2186f0d5a172,4691ac4b-e64a-4f23-b91d-5b75d80d1f0f,11ae7979-7bb6-49c7-9715-9adacc1b4005,0.05%,Celestene Drops 0.05%,"Celestene Gouttes 0,05%"
ff13deda-4ca8-4393-99d3-c785568ad0c1,4691ac4b-e64a-4f23-b91d-5b75d80d1f0f,11ae7979-7bb6-49c7-9715-9adacc1b4005,0.05%,Celestene Drops 0.05% 30ml,"Celestene Gouttes 0,05% 30ml"
225ebc52-bdd7-471b-a61c-9a71f1c36cab,f2850117-9cf3-4a5f-ab2a-7cc71ad8061d,bf712910-1c7f-4e72-9d50-6eb5453efcfd,250/200/40mg/5ml,Centacid Suspension 250/200/40mg/5ml 170ml,Centacid Suspension 250/200/40mg/5ml 170ml
1d67cc95-d786-435c-b974-201d2d3a5736,69ad4d29-6dcc-481c-ba38-92651dc87883,391d2a1b-2aec-4bd7-b43b-e294e7f2b9b9,10mg,Cetirizine 10mg Tablet,Cetirizine Comprimé 10mg
6ccb5987-3bea-41c6-9376-e5f9f02de369,69ad4d29-6dcc-481c-ba38-92651dc87883,11ae7979-7bb6-49c7-9715-9adacc1b4005,10mg/ml,Cetirizine Oral Drops 10mg/ml 60ml,Cetirizine Gouttes Orales 10mg/ml 60ml
a6ce707b-e64c-4945-a8fb-1a62741c00c0,7b2e38e3-2240-42e6-976f-38c9350aff3f,11ae7979-7bb6-49c7-9715-9adacc1b4005,0.50%,Chloramphenicol Eye Drops 0.5% 10ml,Chloramphenicol Gouttes Oculaires 0.5% 10ml
2331b3f7-e97f-41b6-99f5-d29a16d2d230,7b2e38e3-2240-42e6-976f-38c9350aff3f,bf712910-1c7f-4e72-9d50-6eb5453efcfd,125mg/5ml,Chloramphenicol Suspension 125mg/5ml 60ml,Chloramphenicol Suspension 125mg/5ml 60ml
27449fec-cce8-40c1-8b10-17324e40e186,991577b5-4166-4411-b2d8-82b173e3f859,391d2a1b-2aec-4bd7-b43b-e294e7f2b9b9,4mg,Chlorpheniramine 4mg Tablet,Chlorpheniramine Comprime 4mg
f38172a5-e63b-4edd-82f8-171d48ca20d8,991577b5-4166-4411-b2d8-82b173e3f859,bf712910-1c7f-4e72-9d50-6eb5453efcfd,2mg/5ml,Chlorpheniramine Syrup 2mg/5ml 100ml,Chlorpheniramine Sirop 2mg/5ml 100ml
4b409061-15d6-4090-ac47-3c53aa73a618,59f99932-66c6-4617-9298-6f5b89fd2845,bf712910-1c7f-4e72-9d50-6eb5453efcfd,200mg/2ml,Cimetidine Injection 200mg/2ml,Cimetidine Injection 200mg/2ml
1465c189-a180-45aa-baef-92e784200d65,7133daf9-2cae-4c64-a147-d0724e679f39,391d2a1b-2aec-4bd7-b43b-e294e7f2b9b9,250mg,Ciprofloxacin 250mg Tablet,Ciprofloxacine Comprimé 250mg
e9788815-ab35-4ba0-83a9-8532c14c70c3,7133daf9-2cae-4c64-a147-d0724e679f39,391d2a1b-2aec-4bd7-b43b-e294e7f2b9b9,500mg,Ciprofloxacin 500mg Tablet,Ciprofloxacin Comprimé 500mg
ae77f97b-8ef9-4d15-a149-a16eb15a129d,7133daf9-2cae-4c64-a147-d0724e679f39,11ae7979-7bb6-49c7-9715-9adacc1b4005,0.30%,Ciprofloxacin Eye Drops 0.3% 5ml,"Ciprofloxacin Collyre 0,3% 5ml"
3451c850-6fad-486c-814c-0ca6adf31095,7133daf9-2cae-4c64-a147-d0724e679f39,bf712910-1c7f-4e72-9d50-6eb5453efcfd,200mg/100ml,Ciprofloxacin Injection 200mg/100ml,Ciprofloxacin Injection 200mg/100ml
7f925417-9ba1-47be-bd0d-d2b7d74b59e7,b1274d0e-4cf7-4e1e-8e69-9b0a1a80c208,391d2a1b-2aec-4bd7-b43b-e294e7f2b9b9,500mg,Clarithromycin 500mg Tablet,Clarithromycin Comprimé 500mg
e818c162-80be-4e94-9fae-d40b06e3320a,4accf0d9-7e53-447f-ae98-2b7f250086c7,391d2a1b-2aec-4bd7-b43b-e294e7f2b9b9,500/125mg,Clavox 500/125mg Tablet,Clavox Comprimé 500/125mg
ec04e363-90df-4c57-ae28-1eec17516458,4accf0d9-7e53-447f-ae98-2b7f250086c7,bf712910-1c7f-4e72-9d50-6eb5453efcfd,200/28mg/5ml,Clavox Suspension 200/28mg/5ml 70ml,Clavox Suspension 200/28mg/5ml 70ml
c21ebc1c-52a9-43e6-8033-125e25ce6d1d,c66978ea-4bf6-4031-a413-4e2ce0c9c106,391d2a1b-2aec-4bd7-b43b-e294e7f2b9b9,500mg/50mg,Clofains 500mg/50mg Tablet,Clofains Comprimé 500mg/50mg
7e5698a1-a926-4a2f-ab28-47c413c5a4b8,31b1acf5-bdc2-460d-ac0b-be487f38ac6d,bf712910-1c7f-4e72-9d50-6eb5453efcfd,,Clonidine Injection,Clonidine Injection
0bd2f601-2b2f-4aa3-907c-e80f2ee7e7f3,2255c6a8-b1fe-4517-9cd3-38d87cd2c86e,94b2f0e7-0885-430f-8733-e2a93f03095d,500mg,Cloxacillin 500mg Capsule,Cloxacillin Capsule 500mg
5b49f421-fdc2-4ff8-b688-6cf912c34236,2255c6a8-b1fe-4517-9cd3-38d87cd2c86e,72262ed3-d3e2-4c94-b4d6-567934107481,,Cloxacillin Gel,Cloxacillin Gel
688b604b-ee59-4486-883e-3b3ba4622609,2255c6a8-b1fe-4517-9cd3-38d87cd2c86e,bf712910-1c7f-4e72-9d50-6eb5453efcfd,125mg/5ml,Cloxacillin Suspension 125mg/5ml 100ml,Cloxacillin Suspension 125mg/5ml 100ml
331aa9d0-83cb-4206-a49e-f20bd09f4566,2255c6a8-b1fe-4517-9cd3-38d87cd2c86e,bf712910-1c7f-4e72-9d50-6eb5453efcfd,250mg/5ml,Cloxacillin Suspension 250mg/5ml 100ml,Cloxacillin Suspension 250mg/5ml 100ml
c28f96f7-2ea1-4602-9b4d-06f5bd60cbc3,a88a967b-923b-4e57-b3a3-e6cc4915319c,c4b6c7b7-4906-4f76-af51-60ec9a34932e,,Compresses Abdominal,Compresses Abdominales
20d8a871-cf46-4a01-b996-f0a93d77fda5,a88a967b-923b-4e57-b3a3-e6cc4915319c,c4b6c7b7-4906-4f76-af51-60ec9a34932e,,Compresses Simple,Compresses Simples
4aae662c-bed8-4072-aad3-fd4678d44adb,a88a967b-923b-4e57-b3a3-e6cc4915319c,c4b6c7b7-4906-4f76-af51-60ec9a34932e,,Compresses Steriles 10cmx10cm,Compresses stériles 10cm x 10cm
2095ce6c-68a1-48a7-809e-a2e211d7b5dc,3b13cda7-261d-4461-b9a4-a3927213dc95,bf712910-1c7f-4e72-9d50-6eb5453efcfd,250mg/ml,Contam Suspension 250mg/ml 60ml,Contam Suspension 250mg/ml 60ml
b0e044fb-8a54-4d16-9fc3-502c11b22c2c,13c4aa75-d3b6-4930-ae7e-f3388286b095,391d2a1b-2aec-4bd7-b43b-e294e7f2b9b9,80/400mg,Cotrimoxazole 80/400mg Tablet,Cotrimoxazole Comprimé 80/400mg
383d0826-bb4e-41a1-b69c-54330c7fd8f6,13c4aa75-d3b6-4930-ae7e-f3388286b095,bf712910-1c7f-4e72-9d50-6eb5453efcfd,200/40mg/5ml,Cotrimoxazole Suspension 200/40mg/5ml 60ml,Cotrimoxazole Suspension 200/40mg/5ml 60ml
ebaca3cf-8c36-48a5-8456-737906180e78,13c4aa75-d3b6-4930-ae7e-f3388286b095,bf712910-1c7f-4e72-9d50-6eb5453efcfd,240mg/5ml,Cotrimoxazole Suspension 240mg/5ml 100ml,Cotrimoxazole Suspension 240mg/5ml 100ml
0d69879e-1b29-4286-816d-024a63180d57,13c4aa75-d3b6-4930-ae7e-f3388286b095,391d2a1b-2aec-4bd7-b43b-e294e7f2b9b9,80/400mg,Cotrimoxazole Tablet,Cotrimoxazole Comprimé
10436c22-3dbd-4ab5-95ce-85ad665e2ef6,c9eb3255-c071-4c90-836b-73a4663b41ce,11ae7979-7bb6-49c7-9715-9adacc1b4005,0.02%,Cromsol Eye Drops 0.02% 5ml,Cromsol Gouttes Oculaires 0.02% 5ml
d8c00222-7d85-465a-89bf-38108d4b449e,ffaaf784-0525-47cf-a20d-286562dbaa43,11ae7979-7bb6-49c7-9715-9adacc1b4005,0.02%,Cromulline Eye Drops 0.02% 5ml,Cromulline Collyre 0.02% 5ml
91f37030-c050-4964-a3d7-051763090bf2,6f7ed1c8-64d5-4269-a296-95732bd68796,94b2f0e7-0885-430f-8733-e2a93f03095d,20mg,Dafrazol 20mg Capsule,Dafrazol Capsule 20mg
d944eca7-47fa-4ab6-af61-361101b7b41b,1603099a-20dd-40ef-a9c2-af0e2a0cf723,72262ed3-d3e2-4c94-b4d6-567934107481,10%/1%,Decontractyl 10%/1% Tube 80g,Décontractyl 10%/1% Tube 80g
3a14b13c-0eae-4e18-b55e-02ae4b9226f7,94e5736f-8297-47f3-9c78-08ad13570d83,391d2a1b-2aec-4bd7-b43b-e294e7f2b9b9,200mg,Depakine 200mg Tablet,Depakine Comprimé 200mg
da50d14b-6d8a-43ca-ae82-dfe43dcb1fdd,94e5736f-8297-47f3-9c78-08ad13570d83,bf712910-1c7f-4e72-9d50-6eb5453efcfd,200mg/5ml,Depakine Syrup 200mg/5ml 150ml,Depakine Sirop 200mg/5ml 150ml
e860bbcf-6da7-403d-9482-0437d8fcf03b,8d19b7a8-a348-4517-b32e-52593160fa54,bf712910-1c7f-4e72-9d50-6eb5453efcfd,0.2%/0.5%,Dermobacter Solution 0.2%/0.5% 300ml,"Dermobacter Solution 0,2 %/0,5 % 300 ml"
247e9df9-0bda-4a65-bced-50b7ae88ee57,4724215f-c890-49a4-abf6-1411981c4422,72262ed3-d3e2-4c94-b4d6-567934107481,0.02%,Dermofix Cream 0.02% 20g,"Dermofix Crème 0,02 % 20g"
127fa80c-ff57-48d8-b643-869217524ced,6b99197e-6856-4483-af85-eb8e47976908,391d2a1b-2aec-4bd7-b43b-e294e7f2b9b9,5mg,Desloratadine 5mg Tablet,Desloratadine Comprimé 5mg
a7509e1d-cf0d-4563-91e7-ed80f49cb8d8,99462340-4660-4965-8eda-0121f135ba61,391d2a1b-2aec-4bd7-b43b-e294e7f2b9b9,5mg,Deslova 5mg Tablet,Deslova Comprimé 5mg
822e3388-e013-4efe-b452-fdeadfa09ff0,99462340-4660-4965-8eda-0121f135ba61,bf712910-1c7f-4e72-9d50-6eb5453efcfd,2.5mg/5ml,Deslova Syrup 2.5mg/5ml 60ml,Deslova Sirop 2.5mg/5ml 60ml
d81c8720-4c1d-4f1e-84d2-f5052d5b754b,af665378-64c7-4ff2-8f36-ea6e3cfc8149,391d2a1b-2aec-4bd7-b43b-e294e7f2b9b9,5mg,Dexamethasone 5mg Tablet,Dexamethasone Comprimé 5mg
ac7c10ed-19e1-4784-9a95-cb2f9ea71d8a,af665378-64c7-4ff2-8f36-ea6e3cfc8149,d4c0ebf9-7a3b-42c0-bbf0-2599efbb2965,4mg,Dexamethasone Injection 4mg,Dexaméthasone Injection 4mg
0b128957-066a-4cab-9a9e-c896a700f947,7da771c3-4411-4bd6-8754-8d64e72e9106,391d2a1b-2aec-4bd7-b43b-e294e7f2b9b9,,Diagone Kit,Diagone Kit
f0a5cc76-ab82-4249-8090-1dc5ec5a1552,7da771c3-4411-4bd6-8754-8d64e72e9106,391d2a1b-2aec-4bd7-b43b-e294e7f2b9b9,20mg+ORS,Diagone Kit 20mg+ORS,Diagone Kit 20mg+SRO
58000c77-00ec-408f-883b-0c0412c54bb6,ba71e6ef-f576-4ed0-ae40-55134f0192fa,391d2a1b-2aec-4bd7-b43b-e294e7f2b9b9,5mg,Diazepam 5mg Tablet,Diazepam Comprimé 5mg
2e6e25dc-fb0a-402a-af74-367155459690,ba71e6ef-f576-4ed0-ae40-55134f0192fa,bf712910-1c7f-4e72-9d50-6eb5453efcfd,10mg/2ml,Diazepam Injection 10mg/2ml,Diazepam Injection 10mg/2ml
728b1639-8d38-44ca-b3e8-ba33eb09631e,0dc279bf-5ea3-4f48-a9fd-e8aff07a269e,391d2a1b-2aec-4bd7-b43b-e294e7f2b9b9,100mg,Diclofenac 100mg Tablet,Diclofenac Comprimé 100mg
f3dbf825-a129-4354-a5d3-905d2eea6c45,0dc279bf-5ea3-4f48-a9fd-e8aff07a269e,bf712910-1c7f-4e72-9d50-6eb5453efcfd,75mg/3ml,Diclofenac Injection 75mg/3ml,Diclofenac Injection 75mg/3ml
afec8e63-860d-48dd-b143-55fc21bd1967,0dc279bf-5ea3-4f48-a9fd-e8aff07a269e,72262ed3-d3e2-4c94-b4d6-567934107481,0.01%,Diclofenac Ointment 0.01% 30g,"Diclofenac Pommade 0,01% 30g"
596e6322-20d8-487d-8416-f0fe67d8386f,0dc279bf-5ea3-4f48-a9fd-e8aff07a269e,72262ed3-d3e2-4c94-b4d6-567934107481,,Diclofenac Ointment 20g,Diclofenac Pommade 20g
ee7f0744-9fcc-47d1-99b2-8b97860c6b79,0dc279bf-5ea3-4f48-a9fd-e8aff07a269e,391d2a1b-2aec-4bd7-b43b-e294e7f2b9b9,100mg,Diclofenac Retard 100mg Tablet,Diclofenac Retard Comprimé 100mg
8dc8e0e7-ab74-42e2-8f8c-c9bae00333eb,0dc279bf-5ea3-4f48-a9fd-e8aff07a269e,bbe6f178-8adf-401c-89e4-ca8e0ccc378a,100mg,Diclofenac Suppository 100mg,Diclofenac Suppositoire 100mg
22aba2e5-e91b-4934-ba83-c5f594fc326a,de35bb61-b940-47cd-a843-2680fc3c8321,391d2a1b-2aec-4bd7-b43b-e294e7f2b9b9,500mg,Dicynone 500mg Tablet,Dicynone Comprimé 500mg
bf999713-eba2-416a-a9f4-c3bc7ba0d6ff,de35bb61-b940-47cd-a843-2680fc3c8321,bf712910-1c7f-4e72-9d50-6eb5453efcfd,250mg/2ml,Dicynone Injection 250mg/2ml,Dicynone Injection 250mg/2ml
75264f61-a28e-4670-aa0c-1fdaf148207e,68c5002a-30f7-4c2a-8f7a-562cde96850b,391d2a1b-2aec-4bd7-b43b-e294e7f2b9b9,500mg,Dicytam 500mg Tablet,Dicytam Comprimé 500mg
80f798eb-e8ce-4161-b2c3-fd3d2ffa2115,730979f8-527c-4b95-bc15-42f288ab3c9b,11ae7979-7bb6-49c7-9715-9adacc1b4005,0.00%,Difenasol Eye Drops 0.001% 5ml,"Difenasol Gouttes oculaires 0,001% 5ml"
262c80cb-9deb-4043-81e9-f024448336fe,6889e79e-ee62-4f91-ba9f-9065ea10f4e8,391d2a1b-2aec-4bd7-b43b-e294e7f2b9b9,,Diglogent,Diglogent
7fe7b391-0095-4005-b2e4-c64e890dc548,6b9ce1d2-8e08-45de-98b7-f06d0a83dd8e,c2beca4d-0e35-4989-8e9d-54134982bb37,1g/2ml,Dipyrone Injection 1g/2ml,Dipyrone Injection 1g/2ml
4a89fb08-6005-4be1-9f97-a4ec5c220dda,6b9ce1d2-8e08-45de-98b7-f06d0a83dd8e,c2beca4d-0e35-4989-8e9d-54134982bb37,2.5g/5ml,Dipyrone Injection 2.5g/5ml,Dipyrone Injection 2.5g/5ml
1da6a789-fff0-4ae2-926f-5a9cb3795311,3b472bf8-4e0c-434a-babc-9481128dc37d,391d2a1b-2aec-4bd7-b43b-e294e7f2b9b9,100mg,Domperidone 100mg Tablet,Dompéridone Comprimé 100mg
08fcec89-4e5c-4399-bf20-b7712c784a8f,3b472bf8-4e0c-434a-babc-9481128dc37d,391d2a1b-2aec-4bd7-b43b-e294e7f2b9b9,10mg,Domperidone 10mg Tablet,Domperidone Comprimé 10mg
3207cedf-5298-456e-ad68-0537de830e61,3b472bf8-4e0c-434a-babc-9481128dc37d,bf712910-1c7f-4e72-9d50-6eb5453efcfd,1mg/ml,Domperidone Suspension 1mg/ml 125ml,Dompéridone Suspension 1mg/ml 125ml
43f0af98-cd9f-4baa-99b1-75f56fcf84d7,de1af144-9c93-4168-8f55-f2f8e613f73d,391d2a1b-2aec-4bd7-b43b-e294e7f2b9b9,200mg,Doxy 200mg Tablet,Doxy Comprimé 200mg
6b6d5453-c931-4c9a-93d2-57019057ef25,de1af144-9c93-4168-8f55-f2f8e613f73d,391d2a1b-2aec-4bd7-b43b-e294e7f2b9b9,100mg,Doxycycline 100mg Tablet,Doxycycline Comprimé 100mg
bea0e01f-1de7-4624-9844-07233843f054,6033517a-26b9-4803-9909-c9cb7eb4af39,bf712910-1c7f-4e72-9d50-6eb5453efcfd,66.50%,Duphalac Solution 66.5% 200ml,"Duphalac Solution 66,5% 200ml"
9b95b450-bace-4eb8-a665-7b7ce93cef07,78f814dc-6840-406d-8d2d-670764bc8ced,391d2a1b-2aec-4bd7-b43b-e294e7f2b9b9,100mg,Duphaston 100mg Tablet,Duphaston Comprimé 100mg
c4a86f97-688f-478c-942e-97afa0ca2d54,78f814dc-6840-406d-8d2d-670764bc8ced,391d2a1b-2aec-4bd7-b43b-e294e7f2b9b9,10mg,Duphaston 10mg Tablet,Duphaston Comprimé 10mg
59f70930-c9f5-4754-93c4-7544fdc9a303,e1a334eb-308d-4d69-a408-353014ef93ef,391d2a1b-2aec-4bd7-b43b-e294e7f2b9b9,200mg,Duspatalin 200mg Tablet,Duspatalin Comprimé 200mg
7b0310ac-5225-4d48-959b-313eb9f22ddf,ab55afe0-999d-438a-a2e1-93d264828454,d81e10fe-0f6a-4b75-b9c0-a5e72d56f3b2,,Dynamogen Ampoule,Dynamogen Ampoule
d9fb690b-f0ba-4832-bb1e-db8386eba6cb,ab55afe0-999d-438a-a2e1-93d264828454,d81e10fe-0f6a-4b75-b9c0-a5e72d56f3b2,3mg/1g,Dynamogen Ampoule 3mg/1g,Dynamogen Ampoule 3mg/1g
2a84e0ae-caaf-434e-baca-8ed1baf5adb3,4dd3534a-a70c-4968-b335-105d0ec259ff,391d2a1b-2aec-4bd7-b43b-e294e7f2b9b9,500mg,Efferalgan 500mg Tablet,Efferalgan Comprimé 500mg
80c46739-b0e6-44c6-ab7d-72d1537a4318,73ad8b00-a2ee-49d9-bfef-eee4b7868239,391d2a1b-2aec-4bd7-b43b-e294e7f2b9b9,500mg,Erythromycin 500mg Tablet,Erythromycin Comprimé 500mg
ab171e64-312a-4d38-a53a-1118fd4bc9ca,73ad8b00-a2ee-49d9-bfef-eee4b7868239,bf712910-1c7f-4e72-9d50-6eb5453efcfd,125mg/5ml,Erythromycin Suspension 125mg/5ml 100ml,Érythromycine Suspension 125mg/5ml 100ml
ac328310-8c57-4e2d-b524-e7ab4d4ef30b,73ad8b00-a2ee-49d9-bfef-eee4b7868239,bf712910-1c7f-4e72-9d50-6eb5453efcfd,250mg/5ml,Erythromycin Suspension 250mg/5ml 100ml,Erythromycin Suspension 250mg/5ml 100ml
417409ab-a1b9-4e6a-adc9-43ba912aaea4,eb6b05bb-abfe-4385-83ed-c1de8facbd3d,391d2a1b-2aec-4bd7-b43b-e294e7f2b9b9,20mg,Esomeprazole 20mg Tablet,Esoméprazole Comprimé 20mg
fc71d83f-2d33-4a5c-be93-4dd6132064a7,eb6b05bb-abfe-4385-83ed-c1de8facbd3d,94b2f0e7-0885-430f-8733-e2a93f03095d,40mg,Esomeprazole 40mg Capsule,Esomeprazole Capsule 40mg
9102a80e-418f-4920-ac78-648df8430b9d,2e50b096-86dd-4a9e-97d4-f86dd4b39709,bf712910-1c7f-4e72-9d50-6eb5453efcfd,,Exonol,Exonol
c5db3aba-b245-462c-b00b-d3110365c923,1c81d1f8-1d0b-42b4-a1ea-bc6f0b0d1ef6,391d2a1b-2aec-4bd7-b43b-e294e7f2b9b9,200mg,Exxib 200mg Tablet,Exxib Comprimé 200mg
dfe9f5b0-b050-433f-ae34-1fcbb9e78b57,569b3cd9-0450-4619-b6ca-31fa12747c44,c4b6c7b7-4906-4f76-af51-60ec9a34932e,-0.25,Faux Papillon Glasses -0.25,"Faux Papillon Lunettes -0,25"
d34f7c6a-4373-40f6-9a48-0e71d4e52977,569b3cd9-0450-4619-b6ca-31fa12747c44,c4b6c7b7-4906-4f76-af51-60ec9a34932e,0.25,Faux Papillon Glasses +0.25,Faux Papillon Lunettes +0.25
6311f085-cf65-4211-8d7d-e020e1933dfc,569b3cd9-0450-4619-b6ca-31fa12747c44,c4b6c7b7-4906-4f76-af51-60ec9a34932e,Planon,Faux Papillon Glasses Planon,Faux Papillon Lunettes Planon
edfc81e1-4be5-4d41-b9da-d83bbc334890,2e744660-8547-43a6-ae8c-e51457b8dca8,391d2a1b-2aec-4bd7-b43b-e294e7f2b9b9,100/4/200mg,Fercefol 100/4/200mg Tablet,Fercefol Comprimé 100/4/200mg
f809c82a-a777-4ace-bb87-5f8a9964c80a,2e744660-8547-43a6-ae8c-e51457b8dca8,bf712910-1c7f-4e72-9d50-6eb5453efcfd,50/2/100mg,Fercefol Syrup 50/2/100mg 150ml,Fercefol Sirop 50/2/100mg 150ml
a9a94538-927d-4e92-b048-fa91479f9ca2,e454d003-5a7f-42fc-b595-2b46db3258ec,391d2a1b-2aec-4bd7-b43b-e294e7f2b9b9,200/500mg,Flexdol 200/500mg Tablet,Flexdol Comprimé 200/500mg
5a28fdbd-84fb-45cb-9b3f-a9c6a99665cf,69987758-41ab-4aad-9fa8-3b7f578edb17,11ae7979-7bb6-49c7-9715-9adacc1b4005,,Florom-N Eye Drops,Florom-N Gouttes ophtalmiques
aa137571-94a8-41f2-95a0-046aa944c577,e1825581-f164-4aa9-b044-37ff46da1171,11ae7979-7bb6-49c7-9715-9adacc1b4005,0.30%,Floxsol Eye Drops 0.3% 5ml,Floxsol Gouttes Ophtalmiques 0.3% 5ml
45d44ab0-80aa-4651-9ac2-188d430ebc15,e1da49c5-5003-4eaf-a706-dc523487d06f,94b2f0e7-0885-430f-8733-e2a93f03095d,100mg,Flucazol 100mg Capsule,Flucazol Capsule 100mg
1c575b86-aea7-4e10-a8c4-81f06b9239de,e1da49c5-5003-4eaf-a706-dc523487d06f,bf712910-1c7f-4e72-9d50-6eb5453efcfd,50mg/5ml,Flucazol Suspension 50mg/5ml 60ml,Flucazol Suspension 50mg/5ml 60ml
a3bb95b7-158c-4568-b17b-877b2e0d65a1,ddba13db-3102-4979-8640-0a536c885f36,bf712910-1c7f-4e72-9d50-6eb5453efcfd,0.05%,Fluditec Syrup 0.05% 125ml,"Fluditec Sirop 0,05% 125ml"
2ec9e0d1-e89c-4da8-9cf8-8a7ffa1300c5,ddba13db-3102-4979-8640-0a536c885f36,bf712910-1c7f-4e72-9d50-6eb5453efcfd,0.02%,Fluditec Syrup 0.02% 125ml,"Fluditec Sirop 0,02% 125ml"
605fe1fb-55ab-42e3-80f2-1f7d672f96a4,69bda5f4-dff0-448e-afc8-1d8db6d2814c,391d2a1b-2aec-4bd7-b43b-e294e7f2b9b9,500mg,Fluoxetine 500mg Tablet,Fluoxetine Comprimé 500mg
8e68cdc8-784d-4b9d-9a75-9786f6227b27,893c6389-7de2-4258-943d-e3bfe8ab4cb5,391d2a1b-2aec-4bd7-b43b-e294e7f2b9b9,250mg,Fucidin 250mg Tablet,Fucidin Comprimé 250mg
163a4146-4b54-48b1-ac0c-96f7e053916b,893c6389-7de2-4258-943d-e3bfe8ab4cb5,72262ed3-d3e2-4c94-b4d6-567934107481,0.02%,Fucidin Cream 0.02% Tube 15g,"Fucidin Crème 0,02% Tube 15g"
35ee19da-c333-411a-8936-a5fd4561ef7d,893c6389-7de2-4258-943d-e3bfe8ab4cb5,bf712910-1c7f-4e72-9d50-6eb5453efcfd,250mg/5ml,Fucidin Suspension 250mg/5ml 90ml,Fucidin Suspension 250mg/5ml 90ml
913a6fe5-0727-4b9f-9269-bc83f0c7d7a2,9fe6217b-6cbc-4372-9107-c731e443ddca,391d2a1b-2aec-4bd7-b43b-e294e7f2b9b9,40mg,Furosemide 40mg Tablet,Fuorsemide Comprimé 40mg
77317d9a-9f31-4b9b-8aff-fa8ad59b61d1,9fe6217b-6cbc-4372-9107-c731e443ddca,bf712910-1c7f-4e72-9d50-6eb5453efcfd,20mg/2ml,Furosemide Injection 20mg/2ml,Furosémide Injection 20mg/2ml
43553c4d-3aee-42e1-af08-0607fa6619d3,7392665a-4916-4854-b08e-d44620c316a5,391d2a1b-2aec-4bd7-b43b-e294e7f2b9b9,75/37/75/37/210mg,Gamalate 75/37/75/37/210mg Tablet,Gamalate Comprimé 75/37/75/37/210mg
c77ccb7d-2612-439d-8216-ca9f3ca22a16,7392665a-4916-4854-b08e-d44620c316a5,391d2a1b-2aec-4bd7-b43b-e294e7f2b9b9,Multiple,Gamalate B6 Tablet,Gamalate B6 Comprimé
960eba46-585a-4763-b74b-c08996899af1,39478bb4-977b-442c-93d6-0c5be9cff994,11ae7979-7bb6-49c7-9715-9adacc1b4005,0.30%,Gentalline Eye Drops 0.3% 5ml,Gentalline Gouttes Ophtalmiques 0.3% 5ml
b0a2cd9f-12bf-4d49-bed3-aa2ba4f6e2bc,39478bb4-977b-442c-93d6-0c5be9cff994,11ae7979-7bb6-49c7-9715-9adacc1b4005,0.30%,Gentamicin Eye Drops 0.3% 5ml,Gentamicin Collyre 0.3% 5ml
2b6bf939-8f96-4171-8eee-b454199133b8,39478bb4-977b-442c-93d6-0c5be9cff994,bf712910-1c7f-4e72-9d50-6eb5453efcfd,40mg/2ml,Gentamicin Injection 40mg/2ml,Gentamicin Injection 40mg/2ml
a4112211-6479-4fe1-b68d-5c1b7b7d3850,39478bb4-977b-442c-93d6-0c5be9cff994,bf712910-1c7f-4e72-9d50-6eb5453efcfd,80mg/2ml,Gentamicin Injection 80mg/2ml,Gentamicin Injection 80mg/2ml
73f09bac-54ee-45f6-ab97-e522b0d8902e,569b3cd9-0450-4619-b6ca-31fa12747c44,c4b6c7b7-4906-4f76-af51-60ec9a34932e,,Glasses Case,Étui à lunettes
bf7fcd59-f6a7-4ac0-8c63-28f42e550952,569b3cd9-0450-4619-b6ca-31fa12747c44,c4b6c7b7-4906-4f76-af51-60ec9a34932e,,Glasses Cord,Cordon de lunettes
5eac7195-bd6e-42f2-9fc6-bfe314f2d92a,45c27c17-6f27-4daa-a74a-791495c555b3,391d2a1b-2aec-4bd7-b43b-e294e7f2b9b9,,Glipinclamide Tablet,Glipinclamide Comprimé
ecebe807-256e-4932-880c-8bc317ec80c8,296a5b00-18f9-4e64-b7d1-a14df08e6cc0,391d2a1b-2aec-4bd7-b43b-e294e7f2b9b9,850mg,Glucophage XR 850mg Tablet,Glucophage XR Comprimé 850mg
675545bd-76f0-45bf-a575-a79edc578f36,31959917-ada1-4f93-a39f-fb4cea063368,bf712910-1c7f-4e72-9d50-6eb5453efcfd,10%,Glucose 10% Solution 500ml,Glucose 10% Solution 500ml
58fe137b-5b34-4ba0-ae2f-49793434e603,cf81f9d4-ea9d-4788-811d-8dcd63dde55c,bf712910-1c7f-4e72-9d50-6eb5453efcfd,5%,Glucose 5% Solution 500ml,Glucose 5% Solution 500ml
49805690-5cb2-4711-998a-8760d672a109,62bdbd87-59d9-4601-8874-6b3180d9d869,391d2a1b-2aec-4bd7-b43b-e294e7f2b9b9,2g/150mg/1g,Gynagon Kit 2g/150mg/1g,Gynagon Kit 2g/150mg/1g
044104bd-2b9c-443e-805c-4a96ddaddb65,a4965e3e-3c83-4c17-abba-bd6325b90754,391d2a1b-2aec-4bd7-b43b-e294e7f2b9b9,5mg,Haloperidol 5mg Tablet,Haloperidol Comprimé 5mg
bbd4fdae-d29c-4d08-97a5-2e1c928c479e,4b10c62f-0586-4888-baf1-638622a3632a,bf712910-1c7f-4e72-9d50-6eb5453efcfd,100mg,Hydrocortisone Injection 100mg,Hydrocortisone Injection 100mg
c3468a8f-ea19-4abf-9f0e-b318bd2f4e55,47e8d1aa-d401-4721-bbac-9d8be45c2a62,bf712910-1c7f-4e72-9d50-6eb5453efcfd,,Hydrogen Peroxide Solution 250ml,Solution de Peroxyde d'Hydrogène 250ml
a5890a9b-ce92-44a9-a929-b33709bd5d8a,3ea35456-3f32-4588-aea3-d2b22d1b1f7b,391d2a1b-2aec-4bd7-b43b-e294e7f2b9b9,10mg,Hyoscine 10mg Tablet,Hyoscine Comprimé 10mg
c273b18a-8e47-45f2-ac39-352e96ad68c7,ae999966-db86-46cd-ad74-5ee26d155057,391d2a1b-2aec-4bd7-b43b-e294e7f2b9b9,400mg,Ibuprofen 400mg Tablet,Ibuprofène Comprimé 400mg
c2ad3349-a436-4aff-880f-62054bff5590,ae999966-db86-46cd-ad74-5ee26d155057,391d2a1b-2aec-4bd7-b43b-e294e7f2b9b9,400mg,Ibuprofen Denk 400mg Tablet,Ibuprofen Denk Comprimé 400mg
30d8f5ce-89ba-4805-8d80-e3571ca38ba2,ae999966-db86-46cd-ad74-5ee26d155057,bf712910-1c7f-4e72-9d50-6eb5453efcfd,100mg/5ml,Ibuprofen Suspension 100mg/5ml 100ml,Ibuprofen Suspension 100mg/5ml 100ml
c848954c-078b-4ad3-8fcb-114f27c9c43d,ae999966-db86-46cd-ad74-5ee26d155057,bf712910-1c7f-4e72-9d50-6eb5453efcfd,100mg/5ml,Ibuprofen Suspension 100mg/5ml 60ml,Ibuprofen Suspension 100mg/5ml 60ml
4dd363d1-b503-4ce3-ad9b-d5dc0710236e,c9fbe79d-56c9-49ca-ada5-27fde167e266,c4b6c7b7-4906-4f76-af51-60ec9a34932e,,Infusion Set,Jeu de perfusion
a1661e95-7897-4038-86cb-954d386fa8f9,f1ed3b71-d459-4997-87e0-9d4aa0d4afcd,9a169d53-360a-47db-9cfd-26bdbe2bff1b,1ml,Insulin Syringe 1ml,Seringue à insuline 1ml
df543826-8385-49a6-ac61-25a258f12100,a88a967b-923b-4e57-b3a3-e6cc4915319c,c4b6c7b7-4906-4f76-af51-60ec9a34932e,,Jersey Fabric 1m,Tissu Jersey 1m
0b273e54-5dc0-4718-ac57-6c13dcbb961d,b24cb2c7-a8b7-44c6-9efb-d035a0b28044,94b2f0e7-0885-430f-8733-e2a93f03095d,250/250mg,Kemoxyl+F 250/250mg Capsule,Kemoxyl+F Capsule 250/250mg
634b366d-213a-467e-98c6-59a5e61af715,b24cb2c7-a8b7-44c6-9efb-d035a0b28044,94b2f0e7-0885-430f-8733-e2a93f03095d,500mg,Kemoxyl+F 500mg Capsule,Kemoxyl+F Capsule 500mg
c72a6b80-8c81-4450-b02e-87d8b4cdae46,b24cb2c7-a8b7-44c6-9efb-d035a0b28044,391d2a1b-2aec-4bd7-b43b-e294e7f2b9b9,500mg,Kemoxyl+F 500mg Tablet,Kemoxyl+F Comprimé 500mg
8269fc83-d6e1-4c20-90f6-41335b6c6234,b24cb2c7-a8b7-44c6-9efb-d035a0b28044,bf712910-1c7f-4e72-9d50-6eb5453efcfd,125/125mg/5ml,Kemoxyl+F Suspension 125/125mg/5ml 100ml,Kemoxyl+F Suspension 125/125mg/5ml 100ml
0997eb53-4d78-420c-a96f-b8e1980ce119,7df35eb0-132c-423c-927d-16f99f075f4c,391d2a1b-2aec-4bd7-b43b-e294e7f2b9b9,200mg,Ketoconazole 200mg Tablet,Kétoconazole Comprimé 200mg
82e09f5e-6fe4-42da-918a-a5abc1daa92c,7df35eb0-132c-423c-927d-16f99f075f4c,72262ed3-d3e2-4c94-b4d6-567934107481,0.02%,Ketoconazole Cream 0.02% 15g,"Crème de Ketoconazole 0,02 % 15g"
25f0c5b9-b08b-4ad5-aa30-63c4e80bce7e,825a910e-747f-47a6-93c3-7bd247884819,bf712910-1c7f-4e72-9d50-6eb5453efcfd,2.2/110/40/1.1/5ml,Koflyn Suspension 2.2/110/40/1.1/5ml 100ml,Koflyn Suspension 2.2/110/40/1.1/5ml 100ml
13ce9874-d33f-4643-8dfc-c4235a1d2ca6,6b2f8db5-4f23-482c-bc03-424bd67f4f1b,11ae7979-7bb6-49c7-9715-9adacc1b4005,0.50%,Lamolube Eye Drops 0.5% 10ml,"Lamolube Collyre 0,5% 10ml"
9d2244bb-be72-4443-bf5e-001d0ae32d20,929a5d57-2114-4bfe-ad1c-b5cf1f511abc,bf712910-1c7f-4e72-9d50-6eb5453efcfd,2%,Lidocaine 2% Injection,Lidocaine 2% Injection
6694bb74-9c2f-4bf5-87fe-d90069b6c788,062a0faa-f73a-4dec-9024-f5d8991ed253,391d2a1b-2aec-4bd7-b43b-e294e7f2b9b9,50mg,Loaktan 50mg Tablet,Loaktan Comprimé 50mg
a7549fad-09d5-4a1d-a2f9-0d83aede10df,96ff2645-da46-4249-bfdb-fa6aa943428c,391d2a1b-2aec-4bd7-b43b-e294e7f2b9b9,50/12.5mg,Loaktan-H 50/12.5mg Tablet,Loaktan-H Comprimé 50/12.5mg
ccb9c05d-c875-427e-807a-9821f472564d,fd333668-1ddb-4b1c-a41e-c725f15e37f2,391d2a1b-2aec-4bd7-b43b-e294e7f2b9b9,120mg,Lonart 120mg Tablet,Lonart Comprimé 120mg
ef0cd52c-43d0-4b6d-b692-5a16785806a9,3bac77ae-e2f7-4a2a-a4c0-0ae59e9e1d0e,bf712910-1c7f-4e72-9d50-6eb5453efcfd,400/20mg,Magsim Syrup 400/20mg 180ml,Magsim Sirop 400/20mg 180ml
031eb253-3cfd-4406-aa44-1dd66cc57eb2,037a45da-3dbe-4610-b3a8-6c99065f7d31,bf712910-1c7f-4e72-9d50-6eb5453efcfd,20%,Mannitol 20% Solution 100ml,Mannitol Solution 20% 100ml
3b0bbf89-2ba1-42cc-b75b-f71df03747ad,296a5b00-18f9-4e64-b7d1-a14df08e6cc0,391d2a1b-2aec-4bd7-b43b-e294e7f2b9b9,850mg,Metformin 850mg Tablet,Metformin Comprimé 850mg
26f6a1df-da4b-4dc2-be29-866c829a54a9,296a5b00-18f9-4e64-b7d1-a14df08e6cc0,391d2a1b-2aec-4bd7-b43b-e294e7f2b9b9,850mg,Metformin Denk 850mg Tablet,Metformin Denk Comprimé 850mg
d9699d4e-7d21-4be5-88e3-b61453a30b37,07841ab5-55d9-40d3-bac7-846c215fe7c7,391d2a1b-2aec-4bd7-b43b-e294e7f2b9b9,250mg,Metronidazole 250mg Tablet,Metronidazole Comprimé 250mg
1b6af6b0-d51a-4fb0-8846-9227ae678e03,07841ab5-55d9-40d3-bac7-846c215fe7c7,bf712910-1c7f-4e72-9d50-6eb5453efcfd,500mg/100ml,Metronidazole Injection 500mg/100ml,Metronidazole Injection 500mg/100ml
a88057d1-2034-4c59-b518-33e827be7c91,07841ab5-55d9-40d3-bac7-846c215fe7c7,bf712910-1c7f-4e72-9d50-6eb5453efcfd,125mg/5ml,Metronidazole Suspension 125mg/5ml 100ml,Metronidazole Suspension 125mg/5ml 100ml
3ed44baf-bae0-4484-907b-4fbeeec85c13,3efb10f3-aef8-44f7-b426-503118f17d36,72262ed3-d3e2-4c94-b4d6-567934107481,0.02%,Miconazole Cream 0.02% 15g,Crème de Miconazole 0.02% 15g
241df482-d756-404b-987c-4a080ac53c73,3efb10f3-aef8-44f7-b426-503118f17d36,72262ed3-d3e2-4c94-b4d6-567934107481,,Miconazole Cream 20g,Crème de Miconazole 20g
473946b5-7a58-4f78-a3db-72eb6eac57e2,3efb10f3-aef8-44f7-b426-503118f17d36,72262ed3-d3e2-4c94-b4d6-567934107481,0.02%,Micozal Cream 0.02% 15g,"Micozal Crème 0,02% 15g"
78e16e25-57ea-41fb-b775-a2043c448740,47052c02-df92-4af8-b88c-794882109d13,391d2a1b-2aec-4bd7-b43b-e294e7f2b9b9,200mcg,Misoprostol 200mcg Tablet,Misoprostol Comprimé 200mcg
6c9e1d28-2d72-4045-988a-077927ef7d88,1ab113b0-0828-4094-85e9-706825a46e22,391d2a1b-2aec-4bd7-b43b-e294e7f2b9b9,10/5mg,Montelova Adult 10/5mg Tablet,Montelova Adulte Comprimé 10/5mg
1baf9b05-fcbf-4b3e-b2e7-f8637b6ab6b8,2a3959ab-f48a-44d8-9f8d-8199f08272e2,bf712910-1c7f-4e72-9d50-6eb5453efcfd,Multiple,Multivitamine Syrup 100ml,Multivitamine Sirop 100ml
9759dda5-da5c-4377-aeb6-3c1e47d923e5,2a3959ab-f48a-44d8-9f8d-8199f08272e2,391d2a1b-2aec-4bd7-b43b-e294e7f2b9b9,Multiple,Multivitamine Tablet,Comprimé Multivitamine
572b05a5-b9c4-48b1-9529-35dfebb8d366,a3d56d09-b95e-4d96-91af-a32040c9a205,72262ed3-d3e2-4c94-b4d6-567934107481,0.25%/0.25%,Neo-Medrol Acne Lotion 0.25%/0.25% 25ml,"Neo-Medrol Lotion contre l'acné 0,25%/0,25% 25ml"
47046f78-6f95-4a17-a0ff-ca96d0eeb79f,07dd2db3-a93d-4463-95cf-b9fa24b87fa5,11ae7979-7bb6-49c7-9715-9adacc1b4005,0.1%/0.35%,Neomdexol Eye Drops 0.1%/0.35% 5ml,Neomdexol Collyre 0.1%/0.35% 5ml
c3426765-6b26-457f-adf3-d3d829f62e25,7ce79bec-8288-4272-944b-a22547b18912,391d2a1b-2aec-4bd7-b43b-e294e7f2b9b9,Multiple,Neuro Forte Tablet,Neuro Forte Comprimé
d675376d-b35f-48d3-aa21-dd5250106f8a,a0031f76-3e38-4792-8c25-1e60cce26a7d,391d2a1b-2aec-4bd7-b43b-e294e7f2b9b9,300mg,Neuroba 300mg Tablet,Neuroba Comprimé 300mg
46076a0c-a67b-4d42-a96f-69bbd6de644c,d315de65-e732-4bd4-87ed-d95ace187717,391d2a1b-2aec-4bd7-b43b-e294e7f2b9b9,300mg,Neurontin 300mg Tablet,Neurontin Comprimé 300mg
007d8518-52a6-47e0-bf3e-61b208661c65,6b09af68-4459-46b5-bb95-5273cac89b6e,391d2a1b-2aec-4bd7-b43b-e294e7f2b9b9,10mg,Nifedipine 10mg Tablet,Nifedipine Comprimé 10mg
6f2d3ab3-220a-4dc4-ae80-90c96bf3be07,6b09af68-4459-46b5-bb95-5273cac89b6e,391d2a1b-2aec-4bd7-b43b-e294e7f2b9b9,20mg,Nifedipine 20mg Tablet,Nifédipine Comprimé 20mg
2a843b45-acfc-461a-857e-bd7f010af8ba,ae0c6eb9-4893-487a-8f32-7df802b5a120,c4b6c7b7-4906-4f76-af51-60ec9a34932e,,Non-Absorbable Suture,Suture Non-Absorbable
c296f8db-783d-44d0-9fcf-a7778e9ffc4f,8e663332-675d-4f43-9a16-a6225d5e5ea4,c4b6c7b7-4906-4f76-af51-60ec9a34932e,,Non-Sterile Gloves,Gants Non Stériles
58ecb4a8-c686-4873-ae69-3c75d45d3e23,99e77bbe-c325-412b-a5f0-128ba8a701ae,391d2a1b-2aec-4bd7-b43b-e294e7f2b9b9,1/1.2/0.8/5mg,Nucleo CMP Forte Tablet,Nucleo CMP Forte Comprimé
7557fe92-82b2-4f77-8104-5d992f290e87,99e77bbe-c325-412b-a5f0-128ba8a701ae,d81e10fe-0f6a-4b75-b9c0-a5e72d56f3b2,1/1.2/0.8/5mg,Nucleo CMP Injection 1/1.2/0.8/5mg,Nucleo CMP Injection 1/1.2/0.8/5mg
e8d7c1bb-6972-450b-b988-5763d6bf7aef,ae0c6eb9-4893-487a-8f32-7df802b5a120,c4b6c7b7-4906-4f76-af51-60ec9a34932e,No. 1,Nylon Suture No. 1,Suture en Nylon N° 1
4079e278-8ae9-4c0e-8870-1899bc791882,36772ff5-37e2-4f48-b45a-6db33331e8a3,bf712910-1c7f-4e72-9d50-6eb5453efcfd,100000UI/ml,Nystatin Suspension 100000UI/ml 30ml,Nystatin Suspension 100000UI/ml 30ml
53bb2d5e-a39d-412f-82b1-043ff945a2b5,36772ff5-37e2-4f48-b45a-6db33331e8a3,391d2a1b-2aec-4bd7-b43b-e294e7f2b9b9,100000UI,Nystatin Vaginal Tablet 100000UI,Nystatin Comprimé Vaginal 100000UI
cef563d7-05c9-4804-8684-a75b35e3405f,6f7ed1c8-64d5-4269-a296-95732bd68796,94b2f0e7-0885-430f-8733-e2a93f03095d,20mg,Omeprazole 20mg Capsule,Omeprazole Capsule 20mg
622f7874-bb29-40e9-9613-1473545b5898,4ea76287-8a8b-4e7c-8d89-352a80fd6366,11ae7979-7bb6-49c7-9715-9adacc1b4005,0.1%/0.35%,Optadex-N Eye Drops 0.1%/0.35% 5ml,"Optadex-N Gouttes Oculaires 0,1%/0,35% 5ml"
ee434cf0-a5e8-4464-81b9-9ac5ffe3ad60,d63fe0b2-7926-4ce9-8fef-3b9331d8b5de,c2beca4d-0e35-4989-8e9d-54134982bb37,,Ororinse,Ororinse
125a4ea7-817a-4f45-9389-3aabb7c1dff0,a86f8169-f8be-414a-aaab-17e4a83630fd,11ae7979-7bb6-49c7-9715-9adacc1b4005,,Otipax Ear Drops,Otipax Gouttes Auriculaires
88c35c2c-7e1f-4c4e-a62f-fe7e1388f83c,f995f37e-2e9b-41fe-b48e-ba6628465e29,391d2a1b-2aec-4bd7-b43b-e294e7f2b9b9,200mg,Otriken 200mg Tablet,Otriken Comprimé 200mg
006b6836-0d5a-4d33-9a00-8358556ec495,f995f37e-2e9b-41fe-b48e-ba6628465e29,bf712910-1c7f-4e72-9d50-6eb5453efcfd,100mg/5ml,Otriken Suspension 100mg/5ml 60ml,Otriken Suspension 100mg/5ml 60ml
c68496ae-851d-4948-bea8-aa5f8e4601dc,7b20d81a-2c96-41c3-8eb4-8f688e3c1b88,bf712910-1c7f-4e72-9d50-6eb5453efcfd,10IU,Oxytocin 10IU Injection,Oxytocine Injection 10UI
fd385040-f517-444e-820c-08600d690b52,2f307c01-e10f-4172-b20d-d25b55e10d65,bf712910-1c7f-4e72-9d50-6eb5453efcfd,1mg/1mg/0.15mg/5mg/1mg/333mg,Paidoterin Syrup 1mg/1mg/0.15mg/5mg/1mg/333mg 100ml,Paidoterin Sirop 1mg/1mg/0.15mg/5mg/1mg/333mg 100ml
a4e5d97a-597a-48fe-baea-797b1a7bf450,b7df75d2-99b0-4d5a-8d30-50378b665827,391d2a1b-2aec-4bd7-b43b-e294e7f2b9b9,500/50mg,Pain Out 500/50mg Tablet,Pain Out Comprimé 500/50mg
81358880-6fd7-425a-b7ab-5c94ca6c622d,4dd3534a-a70c-4968-b335-105d0ec259ff,391d2a1b-2aec-4bd7-b43b-e294e7f2b9b9,500mg,Paracetamol 500mg Tablet,Paracetamol Comprimé 500mg
f58db908-8343-4ed9-874a-840e6e606560,4dd3534a-a70c-4968-b335-105d0ec259ff,bf712910-1c7f-4e72-9d50-6eb5453efcfd,10mg/ml,Paracetamol Injection 10mg/ml 100ml,Paracétamol Injection 10mg/ml 100ml
2b25ef7c-d710-4c1d-bc5a-bd8e2e34133c,4dd3534a-a70c-4968-b335-105d0ec259ff,bf712910-1c7f-4e72-9d50-6eb5453efcfd,120mg/5ml,Paracetamol Syrup 120mg/5ml 100ml,Paracetamol Sirop 120mg/5ml 100ml
2b8d6e0a-9d9d-44c7-b9f2-36d2fc898bda,4dd3534a-a70c-4968-b335-105d0ec259ff,bf712910-1c7f-4e72-9d50-6eb5453efcfd,125mg/5ml,Paracetamol Syrup 125mg/5ml 100ml,Paracétamol Sirop 125mg/5ml 100ml
5d8aca5a-b9ad-4a24-86a3-c232aa6c74c1,6cdabefc-932f-4c30-9203-31750bb10dfa,c4b6c7b7-4906-4f76-af51-60ec9a34932e,,Pediatric Catheter,Cathéter Pédiatrique
12bcc620-d2d4-4968-a032-d956f893c90e,ecce7a13-53c3-4223-8a99-d032fadacc65,391d2a1b-2aec-4bd7-b43b-e294e7f2b9b9,250mg,Penicillin 250mg Tablet,Pénicilline Comprimé 250mg
0d9c3538-b0ac-4aed-9508-49a6b342fd87,56e731f4-cb0f-4e9a-b2ad-d8d77dbcaee7,391d2a1b-2aec-4bd7-b43b-e294e7f2b9b9,250mg,Penicillin V 250mg Tablet,Pénicilline V Comprimé 250mg
f5d2e03a-77d2-48d5-958d-ba5abba0c711,9ab6f025-e5c8-4fce-a4d0-f2f4da5687bb,391d2a1b-2aec-4bd7-b43b-e294e7f2b9b9,100mg,Phenobarbital 100mg Tablet,Phenobarbital Comprimé 100mg
971c1809-e0ea-433f-97f0-24cb2d8cc947,5dbfa2d3-dde0-4721-a1d9-38062ed8b201,bf712910-1c7f-4e72-9d50-6eb5453efcfd,0.90%,Physiodose 0.9% 5ml,"Physiodose 0,9% 5ml"
d5728a3e-1079-4982-81b9-c299f9c962e0,a88a967b-923b-4e57-b3a3-e6cc4915319c,c4b6c7b7-4906-4f76-af51-60ec9a34932e,,Plaster Bandage 10cmx3cm,Bandage Plâtré 10cmx3cm
6f6eac84-1f8b-4195-b679-510ade2b11fd,a88a967b-923b-4e57-b3a3-e6cc4915319c,c4b6c7b7-4906-4f76-af51-60ec9a34932e,,Plaster Bandage 15cmx3cm,Bandage Plâtre 15cmx3cm
2633fab8-65c3-471c-93ce-c9d22a4141e7,a88a967b-923b-4e57-b3a3-e6cc4915319c,c4b6c7b7-4906-4f76-af51-60ec9a34932e,,Plaster Bandage 20cmx3cm,Bandage Plâtre 20cmx3cm
43287da1-d665-4286-96d8-30b7bd562c8a,af947240-48f5-452f-8a7d-f43fa02b5bbf,bf712910-1c7f-4e72-9d50-6eb5453efcfd,,Podine,Podine
c8b1c1f7-ef08-49b4-bef9-e3c90612015d,a004cf14-aa6c-4bbe-834b-9a681cda3908,c4b6c7b7-4906-4f76-af51-60ec9a34932e,No. 1,Pogal No. 1,Pogal N° 1
1584d1a8-4f17-4d3b-9709-6c7c4700c2c6,a004cf14-aa6c-4bbe-834b-9a681cda3908,c4b6c7b7-4906-4f76-af51-60ec9a34932e,No. 2,Pogal No. 2,Pogal No. 2
21b335be-53ea-41b6-a7f6-bf303a94ff95,a004cf14-aa6c-4bbe-834b-9a681cda3908,c4b6c7b7-4906-4f76-af51-60ec9a34932e,No. 2/0,Pogal No. 2/0,Pogal N° 2/0
dfc4d640-1ab8-4b8c-a90f-5ad2e18162d0,4b3c503b-55fd-4b6a-bf2e-7f97fd8287bf,11ae7979-7bb6-49c7-9715-9adacc1b4005,,Polydexa Ear Drops,Polydexa Gouttes Auriculaires
97bfe858-e6c7-4509-b06f-9c0489be46d4,4b3c503b-55fd-4b6a-bf2e-7f97fd8287bf,11ae7979-7bb6-49c7-9715-9adacc1b4005,1mg+10mg+10000UI/ml,Polydexa Ear Drops 1mg+10mg+10000UI/ml 10ml,Polydexa Gouttes Auriculaires 1mg+10mg+10000UI/ml 10ml
d7cf86af-0a33-4396-83e6-11a9e3c71135,052aea83-36b2-4470-8a2a-fb71de6dfe15,c4b6c7b7-4906-4f76-af51-60ec9a34932e,35000UI/35000UI/100000UI,Polygynax Ovule,Polygynax Ovule
73160ed4-e7fd-4983-9466-8768468cacdb,d12f4e82-d996-41b8-bf9d-a40de7ec89fd,11ae7979-7bb6-49c7-9715-9adacc1b4005,,Polypred Eye Drops,Polypred Gouttes Ophtalmiques
827ffa2d-c5f4-4d8c-83cb-e7990d7130e6,ea7e7329-0f9c-49fd-809e-2719a33e27b7,72262ed3-d3e2-4c94-b4d6-567934107481,100/250mg/10MUI,Positon Cream 100/250mg/10MUI 30g,Positon Crème 100/250mg/10MUI 30g
6c931957-b648-46cb-b021-a96cc32f0ff1,f125d4e9-7bc9-47cb-8347-6d2d859de11d,d81e10fe-0f6a-4b75-b9c0-a5e72d56f3b2,5g,Potentiator Ampoule 5g,Potentiator Ampoule 5g
21e10c4d-5220-4e65-962b-d5f62f4aa424,d83e099f-570e-4338-87a1-0312a8262fd4,bf712910-1c7f-4e72-9d50-6eb5453efcfd,,Povidone Solution 100ml,Solution de Povidone 100ml
de7bf60b-1c95-4e0f-a2cf-b35d117daac4,ad49c5a7-d9a7-4696-aec9-fb8967beff3c,391d2a1b-2aec-4bd7-b43b-e294e7f2b9b9,,Predmax,Predmax
0ad50876-a8df-4919-b2fb-b7d68cb0fd99,4de91e2b-fb5d-4ac4-b20d-8b19d5520c88,391d2a1b-2aec-4bd7-b43b-e294e7f2b9b9,5mg,Prednisolone 5mg Tablet,Prednisolone Comprimé 5mg
1bfc3913-5593-4306-9297-541fad08fd79,c9465000-fdaa-4b99-b281-1cb3b5c31700,391d2a1b-2aec-4bd7-b43b-e294e7f2b9b9,100mg,Quinine 100mg Tablet,Quinine Comprimé 100mg
af91a6ca-1c93-4a3b-a44f-3a6bae3de79c,c9465000-fdaa-4b99-b281-1cb3b5c31700,391d2a1b-2aec-4bd7-b43b-e294e7f2b9b9,300mg,Quinine 300mg Tablet,Quinine Comprimé 300mg
4503c3ad-8a0f-4544-bd48-1bf5a3ed6ef5,c9465000-fdaa-4b99-b281-1cb3b5c31700,391d2a1b-2aec-4bd7-b43b-e294e7f2b9b9,500mg,Quinine 500mg Tablet,Quinine Comprimé 500mg
f5019c30-bc64-4694-adf9-f4c683092597,c9465000-fdaa-4b99-b281-1cb3b5c31700,bf712910-1c7f-4e72-9d50-6eb5453efcfd,500mg,Quinine Injection 500mg,Quinine Injection 500mg
29b7b1d2-81ec-467e-b292-3a51c9789def,569b3cd9-0450-4619-b6ca-31fa12747c44,c4b6c7b7-4906-4f76-af51-60ec9a34932e,-0.25,Reading Glasses -0.25,"Lunettes de lecture -0,25"
24dbe657-b895-4d4a-811e-79b25f146819,569b3cd9-0450-4619-b6ca-31fa12747c44,c4b6c7b7-4906-4f76-af51-60ec9a34932e,0.25,Reading Glasses +0.25,"Lunettes de lecture +0,25"
9b9b1623-a92d-4ac4-a96d-11246861f9e6,569b3cd9-0450-4619-b6ca-31fa12747c44,c4b6c7b7-4906-4f76-af51-60ec9a34932e,Planon,Reading Glasses Planon,Lunettes de lecture Planon
2ddc56ea-ea59-4e6c-a7f2-db9555fcf2e5,35163ae0-1b6b-4385-be90-cb89d96547d1,bf712910-1c7f-4e72-9d50-6eb5453efcfd,365/80/100/400mg/5ml,Relcer Suspension 365/80/100/400mg/5ml 180ml,Relcer Suspension 365/80/100/400mg/5ml 180ml
59abfb73-bc20-45f2-9888-f69cd8003449,0e2b98f8-adfb-467b-b4e9-115c0f7b085a,391d2a1b-2aec-4bd7-b43b-e294e7f2b9b9,2mg,Resodone 2mg Tablet,Resodone Comprimé 2mg
4d42b0b3-8c2a-43c7-bb13-a8df441debfe,f163c75c-fd80-4a5e-b949-643ba3804b12,c2beca4d-0e35-4989-8e9d-54134982bb37,0.01%,Rexedine Mouthwash 0.01% 150ml,"Rexedine Bain de bouche 0,01 % 150 ml"
a334e047-7f89-4e4e-88f6-d99bb9ce1e26,91b986a4-4666-42d1-ae4e-3396508364e1,bf712910-1c7f-4e72-9d50-6eb5453efcfd,,Ringer Lactate Solution 250ml,Solution de Ringer Lactate 250ml
6b98dae0-246b-4348-a253-4647d6ba8717,91b986a4-4666-42d1-ae4e-3396508364e1,bf712910-1c7f-4e72-9d50-6eb5453efcfd,,Ringer Lactate Solution 500ml,Solution de Ringer Lactate 500ml
6a76d20c-8b17-43e1-8f43-66089b7711fd,26af305d-84bf-41fa-8c3b-99aa31987115,391d2a1b-2aec-4bd7-b43b-e294e7f2b9b9,4mg,Salbutamol 4mg Tablet,Salbutamol Comprimé 4mg
41d2a172-fa55-4b00-9dbd-30de646b128b,26af305d-84bf-41fa-8c3b-99aa31987115,2befd840-e135-4fc9-bb9d-acdcce088f19,100mcg,Salbutamol Aerosol 100mcg 200 Doses,Salbutamol Aérosol 100mcg 200 Doses
068861e5-23a6-4a12-86ee-7af6a3ce2ce5,26af305d-84bf-41fa-8c3b-99aa31987115,bf712910-1c7f-4e72-9d50-6eb5453efcfd,2mg/5ml,Salbutamol Syrup 2mg/5ml 100ml,Salbutamol Sirop 2mg/5ml 100ml
bfad82ea-b72f-4978-8837-06be3e544992,8ecdac70-94e1-4f53-9de3-6a024c6c2cf8,391d2a1b-2aec-4bd7-b43b-e294e7f2b9b9,500mg,Savoeffer 500mg Tablet,Savoeffer Comprimé 500mg
410b3fde-c736-41a8-931d-5dd5550297d1,ee4f0fa2-b4e2-40ae-a0e0-c1038a8e119a,391d2a1b-2aec-4bd7-b43b-e294e7f2b9b9,1mg,Secnidazole 1mg Tablet,Secnidazole Comprimé 1mg
9685b6a5-0a16-454a-bcf1-cfee5a705312,ee4f0fa2-b4e2-40ae-a0e0-c1038a8e119a,391d2a1b-2aec-4bd7-b43b-e294e7f2b9b9,500mg,Secnidazole 500mg Tablet,Secnidazole Comprimé 500mg
a05dc280-542b-4d28-a5a5-0f206fd5b067,28619d39-2158-46d1-9bce-ff17357b4633,bf712910-1c7f-4e72-9d50-6eb5453efcfd,3.54ml/ml,Sekisan Suspension 3.54ml/ml 120ml,"Sekisan Suspension 3,54ml/ml 120ml"
2d171c7a-2d3f-48a7-8081-9301a9ad8311,e32c8b93-9690-45b9-9de8-50ce7e766e22,72262ed3-d3e2-4c94-b4d6-567934107481,,Sensodyne Cream,Sensodyne Crème
2610eccc-4e39-4a7f-81d0-f5b95c5874e2,12f6e7f6-31ac-453e-b765-c4620243a55a,bf712910-1c7f-4e72-9d50-6eb5453efcfd,1500UI,Serum Antitetanique 1500UI Injection,Sérum Antitétanique 1500UI Injection
ccc3ef2a-d07d-4b2c-a26c-73024bd5eacf,dcd73f0f-91dd-462e-a106-556288bbb604,c4b6c7b7-4906-4f76-af51-60ec9a34932e,3g,Smecta Sachet 3g,Smecta Sachet 3g
50edd29c-2e36-4a1a-97e8-ba0dc656aee0,a5abb782-8de1-4007-92e4-26645ed7c133,bf712910-1c7f-4e72-9d50-6eb5453efcfd,,Sodium Chloride,Chlorure de sodium
bb0121c5-b218-4917-88ce-949226160c53,9d8a5974-6f56-42de-b641-9e47b6dde0a7,391d2a1b-2aec-4bd7-b43b-e294e7f2b9b9,80mg,Spasfon 80mg Tablet,Spasfon Comprimé 80mg
871b78c8-6f21-4e45-b2dc-a5a7f8d0e6b9,7f625717-665b-40ca-9ef0-0e0d84721235,391d2a1b-2aec-4bd7-b43b-e294e7f2b9b9,80mg,Spasfon Lyoc 80mg Tablet,Spasfon Lyoc Comprimé 80mg
f47bef11-887f-4597-b953-727f22768830,5ccbde50-9b01-4c40-9e50-1e0c8e4ee841,bf712910-1c7f-4e72-9d50-6eb5453efcfd,40mg/0.04mg,Spasnol Injection 40mg/0.04mg 4ml,Spasnol Injection 40mg/0.04mg 4ml
b0fe9fc2-905d-43d3-acdb-b8fc9e5640cf,8e663332-675d-4f43-9a16-a6225d5e5ea4,c4b6c7b7-4906-4f76-af51-60ec9a34932e,,Sterile Gloves,Gants Stériles
772bc40b-14b0-4f75-9a04-888195513815,ae0c6eb9-4893-487a-8f32-7df802b5a120,c4b6c7b7-4906-4f76-af51-60ec9a34932e,,Surgical Sutures,Fils de Suture Chirurgicaux
b52aaf8d-d0ed-41ac-bcc1-e89bd38a40a8,b6268312-d72b-4efe-9f8e-3f3047da6f06,c4b6c7b7-4906-4f76-af51-60ec9a34932e,10ml,Syringe 10ml,Seringue 10ml
b31b8536-27e6-448c-b9f8-eec90b932663,b6268312-d72b-4efe-9f8e-3f3047da6f06,c4b6c7b7-4906-4f76-af51-60ec9a34932e,20ml,Syringe 20ml,Seringue 20ml
fddb038c-6bb1-4279-9032-e9169d857168,b6268312-d72b-4efe-9f8e-3f3047da6f06,c4b6c7b7-4906-4f76-af51-60ec9a34932e,2ml,Syringe 2ml,Seringue 2ml
baecc8a6-ad4d-4b67-8b3c-a855dd291d72,b6268312-d72b-4efe-9f8e-3f3047da6f06,c4b6c7b7-4906-4f76-af51-60ec9a34932e,5ml,Syringe 5ml,Seringue 5ml
d26b6d03-0a86-4e0f-8e5f-5008cc1e5f6f,1840071f-3ec9-43e3-bbed-2cb825a4fba9,72262ed3-d3e2-4c94-b4d6-567934107481,0.01%,Tetracycline Ointment 0.01% 5g,Tetracycline Onguent 0.01% 5g
6299e34e-ccfd-4e01-a3da-bb091de209ad,c5107177-d80f-40ae-ab1c-984c8cae19fe,391d2a1b-2aec-4bd7-b43b-e294e7f2b9b9,500mg,Tinidazole 500mg Tablet,Tinidazole Comprimé 500mg
cca31c5b-b052-47ac-bb69-19d284b3f587,d999a984-ee50-411f-b515-d3be7184a686,bf712910-1c7f-4e72-9d50-6eb5453efcfd,100mg/2ml,Tramadol Injection 100mg/2ml,Tramadol Injection 100mg/2ml
db7df9f0-3d00-4ace-8143-1254b7b674c2,380d2d39-bfe4-4eac-beeb-fd79c9291ce9,391d2a1b-2aec-4bd7-b43b-e294e7f2b9b9,325/200/30mg,Trialgic 325/200/30mg Tablet,Trialgic Comprimé 325/200/30mg
1578421e-96e0-425b-9287-622b13a91d78,a88a967b-923b-4e57-b3a3-e6cc4915319c,c4b6c7b7-4906-4f76-af51-60ec9a34932e,,Tulle Gras,Tulle Gras
1bcc87b5-1ae9-426b-b0a4-ad5929c00b02,a88a967b-923b-4e57-b3a3-e6cc4915319c,c4b6c7b7-4906-4f76-af51-60ec9a34932e,,Tulle Gras 10cmx10cm,Tulle Gras 10cmx10cm
3c86bb9e-1424-407e-ad2a-6ad453b0ee6e,569b3cd9-0450-4619-b6ca-31fa12747c44,c4b6c7b7-4906-4f76-af51-60ec9a34932e,-0.25,Turkey Glasses -0.25,Lunettes Turkey -0.25
4f8bc2b5-a761-4780-b074-13cbabc42ebb,569b3cd9-0450-4619-b6ca-31fa12747c44,c4b6c7b7-4906-4f76-af51-60ec9a34932e,0.25,Turkey Glasses +0.25,Lunettes Turkey +0.25
7a88fe4d-3e6b-415c-aedc-69317daaddc1,569b3cd9-0450-4619-b6ca-31fa12747c44,c4b6c7b7-4906-4f76-af51-60ec9a34932e,Planon,Turkey Glasses Planon,Lunettes Turkey Planon
fecb6fee-12a6-42d4-9414-a3e607b53e80,a88a967b-923b-4e57-b3a3-e6cc4915319c,c4b6c7b7-4906-4f76-af51-60ec9a34932e,,Umbilical Bandage,Pansement Ombilical
dd3959bc-7671-4e15-a2b5-ed12ecbc154b,71941e2a-c77c-478c-bd5d-04042a9430ba,c4b6c7b7-4906-4f76-af51-60ec9a34932e,,Urinary Catheter,Cathéter urinaire
3830c927-c9c9-4cfe-b07f-f546d2f756c7,45af47b2-3047-4b9b-9e41-d439afebdda9,c4b6c7b7-4906-4f76-af51-60ec9a34932e,,Urine Bag,Sac à urines
08da2277-5bc8-497b-8b09-b5cf31f19153,a88a967b-923b-4e57-b3a3-e6cc4915319c,c4b6c7b7-4906-4f76-af51-60ec9a34932e,,Velpeau Bandage 10cmx4m,Bandage Velpeau 10cmx4m
192d569a-8772-45c0-b6b7-f52d267588bf,c2b4527f-be1e-4c21-86d3-ba3dc6083738,391d2a1b-2aec-4bd7-b43b-e294e7f2b9b9,Multiple,Vitamin B Complex Tablet,Comprimé de Complexe de Vitamines B
fd74b4d5-db14-466e-bea8-e211e655dcf7,cdefea99-fa70-4e82-bf8f-06410d13faa8,bf712910-1c7f-4e72-9d50-6eb5453efcfd,10mg,Vitamin K Injection 10mg,Injection de Vitamine K 10mg
9c2c5a67-a300-4f57-ab28-dfaab8edd6b3,787c4343-fc2f-4640-80f3-3f5ca658580c,bf712910-1c7f-4e72-9d50-6eb5453efcfd,,Water for Injection 10ml,Eau pour Injection 10ml
59ed05e8-3a56-4ba5-b7cb-d52bd107e388,02e61655-b9fd-4db7-b706-84d93146dc62,391d2a1b-2aec-4bd7-b43b-e294e7f2b9b9,20mg,Zinc Sulfate 20mg Tablet,Sulfate de Zinc Comprimé 20mg
